time,roll_e,pitch_e,yaw_e
0.004000,-0.000312,0.000111,-0.000270
0.006000,-0.000312,0.000111,-0.000270
0.012000,-0.001088,0.000422,-0.000930
0.014000,-0.001540,0.000624,-0.001308
0.016000,-0.002027,0.000856,-0.001711
0.018000,-0.002546,0.001120,-0.002135
0.020000,-0.003094,0.001416,-0.002575
0.022000,-0.003094,0.001416,-0.002575
0.024000,-0.004264,0.002104,-0.003496
0.026000,-0.004882,0.002496,-0.003971
0.028000,-0.005521,0.002921,-0.004455
0.030000,-0.006178,0.003379,-0.004945
0.034000,-0.006854,0.003869,-0.005442
0.034000,-0.007548,0.004393,-0.005944
0.036000,-0.008259,0.004949,-0.006450
0.038000,-0.008729,0.005545,-0.006913
0.042000,-0.009457,0.006515,-0.007779
0.042000,-0.009457,0.006515,-0.007779
0.044000,-0.009752,0.006890,-0.008184
0.046000,-0.009880,0.007260,-0.008572
0.048000,-0.009850,0.007626,-0.008943
0.052000,-0.009627,0.008019,-0.009293
0.052000,-0.009273,0.008428,-0.009624
0.054000,-0.008796,0.008853,-0.009936
0.056000,-0.008239,0.009279,-0.010237
0.058000,-0.007692,0.009678,-0.010528
0.062000,-0.007195,0.010041,-0.010808
0.062000,-0.006747,0.010369,-0.011078
0.064000,-0.006346,0.010663,-0.011338
0.066000,-0.006132,0.010856,-0.011592
0.068000,-0.006097,0.010950,-0.011840
0.072000,-0.006216,0.010956,-0.012085
0.074000,-0.006254,0.010968,-0.012329
0.074000,-0.006215,0.010984,-0.012573
0.076000,-0.006001,0.011046,-0.012816
0.078000,-0.005663,0.011138,-0.013057
0.080000,-0.005251,0.011247,-0.013294
0.082000,-0.004877,0.011334,-0.013528
0.084000,-0.004624,0.011372,-0.013757
0.086000,-0.004546,0.011342,-0.013978
0.088000,-0.004630,0.011252,-0.014192
0.090000,-0.004888,0.011092,-0.014401
0.092000,-0.005216,0.010902,-0.014605
0.094000,-0.005522,0.010716,-0.014806
0.096000,-0.005697,0.010579,-0.015003
0.098000,-0.005698,0.010507,-0.015197
0.100000,-0.005536,0.010499,-0.015387
0.102000,-0.005399,0.010489,-0.015572
0.104000,-0.005285,0.010477,-0.015751
0.106000,-0.005297,0.010424,-0.015924
0.108000,-0.005417,0.010340,-0.016089
0.112000,-0.005640,0.010226,-0.016247
0.112000,-0.005889,0.010109,-0.016399
0.114000,-0.006103,0.010014,-0.016545
0.118000,-0.006250,0.009954,-0.016685
0.118000,-0.006316,0.009932,-0.016819
0.120000,-0.006327,0.009942,-0.016947
0.122000,-0.006325,0.009965,-0.017068
0.122000,-0.006325,0.009965,-0.017068
0.126000,-0.006548,0.009952,-0.017289
0.130000,-0.006778,0.009913,-0.017388
0.130000,-0.007087,0.009851,-0.017480
0.132000,-0.007386,0.009801,-0.017566
0.134000,-0.007626,0.009778,-0.017646
0.138000,-0.007758,0.009801,-0.017722
0.138000,-0.007791,0.009865,-0.017792
0.140000,-0.007745,0.009975,-0.017855
0.142000,-0.007691,0.010102,-0.017910
0.146000,-0.007749,0.010199,-0.017956
0.146000,-0.007916,0.010268,-0.017991
0.148000,-0.008187,0.010310,-0.018016
0.150000,-0.008512,0.010339,-0.018033
0.152000,-0.008830,0.010377,-0.018043
0.154000,-0.009081,0.010444,-0.018046
0.156000,-0.009235,0.010548,-0.018045
0.160000,-0.009235,0.010548,-0.018045
0.160000,-0.009405,0.010802,-0.018027
0.162000,-0.009488,0.010926,-0.018010
0.164000,-0.009589,0.011040,-0.017987
0.166000,-0.009699,0.011167,-0.017954
0.170000,-0.009813,0.011309,-0.017910
0.170000,-0.009926,0.011462,-0.017856
0.172000,-0.009926,0.011462,-0.017856
0.174000,-0.010164,0.011793,-0.017720
0.176000,-0.010308,0.011956,-0.017638
0.178000,-0.010471,0.012117,-0.017547
0.180000,-0.010660,0.012263,-0.017449
0.182000,-0.010871,0.012392,-0.017344
0.184000,-0.011102,0.012506,-0.017232
0.186000,-0.011341,0.012607,-0.017115
0.188000,-0.011456,0.012770,-0.016987
0.190000,-0.011447,0.012993,-0.016850
0.192000,-0.011412,0.013234,-0.016702
0.194000,-0.011353,0.013493,-0.016543
0.196000,-0.011395,0.013714,-0.016372
0.198000,-0.011569,0.013882,-0.016189
0.198000,-0.011569,0.013882,-0.016189
0.202000,-0.012147,0.014112,-0.015792
0.204000,-0.012476,0.014199,-0.015581
0.206000,-0.012476,0.014199,-0.015581
0.210000,-0.013063,0.014362,-0.015138
0.210000,-0.013243,0.014460,-0.014911
0.212000,-0.013352,0.014567,-0.014679
0.214000,-0.013442,0.014662,-0.014443
0.216000,-0.013409,0.014816,-0.014195
0.218000,-0.013307,0.015010,-0.013934
0.222000,-0.013156,0.015234,-0.013661
0.222000,-0.013050,0.015446,-0.013376
0.224000,-0.013053,0.015619,-0.013076
0.226000,-0.013157,0.015755,-0.012764
0.230000,-0.013405,0.015830,-0.012439
0.232000,-0.013742,0.015859,-0.012104
0.232000,-0.014117,0.015859,-0.011761
0.234000,-0.014451,0.015857,-0.011413
0.236000,-0.014697,0.015868,-0.011060
0.238000,-0.014837,0.015897,-0.010704
0.242000,-0.014901,0.015932,-0.010344
0.242000,-0.014769,0.016055,-0.009970
0.244000,-0.014520,0.016234,-0.009582
0.246000,-0.014207,0.016450,-0.009180
0.248000,-0.013977,0.016641,-0.008765
0.250000,-0.013924,0.016766,-0.008336
0.254000,-0.014109,0.016801,-0.007893
0.254000,-0.014411,0.016780,-0.007440
0.256000,-0.014828,0.016708,-0.006978
0.258000,-0.015226,0.016629,-0.006509
0.260000,-0.015543,0.016566,-0.006035
0.262000,-0.015733,0.016532,-0.005557
0.264000,-0.015801,0.016526,-0.005074
0.266000,-0.015614,0.016635,-0.004574
0.268000,-0.015340,0.016791,-0.004058
0.270000,-0.015138,0.016889,-0.003623
0.272000,-0.015075,0.016897,-0.003264
0.274000,-0.015180,0.016803,-0.002973
0.276000,-0.015400,0.016647,-0.002735
0.280000,-0.015643,0.016502,-0.002537
0.280000,-0.015865,0.016402,-0.002368
0.282000,-0.016058,0.016353,-0.002223
0.284000,-0.016200,0.016373,-0.002094
0.286000,-0.016280,0.016471,-0.001975
0.288000,-0.016289,0.016656,-0.001860
0.292000,-0.016228,0.016927,-0.001746
0.292000,-0.016105,0.017290,-0.001625
0.294000,-0.015920,0.017746,-0.001496
0.296000,-0.015683,0.018288,-0.001356
0.298000,-0.015405,0.018904,-0.001204
0.300000,-0.015098,0.019583,-0.001038
0.302000,-0.014790,0.020299,-0.000858
0.304000,-0.014478,0.021052,-0.000663
0.306000,-0.014175,0.021830,-0.000452
0.308000,-0.013887,0.022624,-0.000225
0.310000,-0.013625,0.023422,0.000018
0.314000,-0.013399,0.024207,0.000277
0.316000,-0.013125,0.024907,0.000504
0.316000,-0.012802,0.025521,0.000703
0.318000,-0.012426,0.026043,0.000873
0.320000,-0.012005,0.026477,0.001018
0.322000,-0.011565,0.026834,0.001144
0.326000,-0.011116,0.027119,0.001256
0.326000,-0.010667,0.027338,0.001356
0.328000,-0.010216,0.027491,0.001445
0.330000,-0.009769,0.027583,0.001525
0.332000,-0.009325,0.027614,0.001603
0.334000,-0.008722,0.027485,0.001739
0.336000,-0.007959,0.027196,0.001934
0.338000,-0.007077,0.026771,0.002195
0.340000,-0.006077,0.026213,0.002520
0.342000,-0.005002,0.025569,0.002879
0.344000,-0.003883,0.024867,0.003266
0.348000,-0.002756,0.024131,0.003675
0.348000,-0.001651,0.023370,0.004111
0.350000,-0.000592,0.022585,0.004578
0.352000,0.000402,0.021774,0.005084
0.354000,0.001319,0.020935,0.005632
0.356000,0.002148,0.020069,0.006224
0.360000,0.002884,0.019181,0.006860
0.360000,0.003524,0.018282,0.007535
0.362000,0.004066,0.017386,0.008244
0.364000,0.004511,0.016505,0.008982
0.366000,0.004860,0.015665,0.009743
0.368000,0.005115,0.014875,0.010520
0.370000,0.005283,0.014141,0.011314
0.372000,0.005371,0.013456,0.012123
0.374000,0.005389,0.012815,0.012948
0.376000,0.005347,0.012206,0.013791
0.378000,0.005256,0.011623,0.014651
0.380000,0.005124,0.011061,0.015526
0.384000,0.004962,0.010519,0.016415
0.384000,0.004775,0.009999,0.017313
0.386000,0.004571,0.009503,0.018217
0.388000,0.004353,0.009037,0.019125
0.390000,0.004127,0.008604,0.020032
0.392000,0.003895,0.008208,0.020941
0.394000,0.003663,0.007847,0.021850
0.396000,0.003436,0.007520,0.022756
0.398000,0.003215,0.007227,0.023658
0.400000,0.003003,0.006966,0.024554
0.402000,0.002802,0.006735,0.025443
0.406000,0.002615,0.006533,0.026323
0.406000,0.002446,0.006356,0.027189
0.408000,0.002296,0.006204,0.028043
0.410000,0.002164,0.006076,0.028882
0.412000,0.002053,0.005971,0.029704
0.414000,0.001962,0.005888,0.030508
0.418000,0.001895,0.005815,0.031304
0.420000,0.001851,0.005750,0.032088
0.420000,0.001831,0.005695,0.032862
0.422000,0.001831,0.005658,0.033622
0.424000,0.001848,0.005648,0.034365
0.426000,0.001877,0.005673,0.035088
0.428000,0.001915,0.005739,0.035787
0.432000,0.001961,0.005839,0.036464
0.432000,0.002016,0.005966,0.037116
0.434000,0.002081,0.006120,0.037746
0.436000,0.002156,0.006291,0.038351
0.438000,0.002243,0.006478,0.038934
0.440000,0.002341,0.006674,0.039492
0.442000,0.002466,0.006852,0.040046
0.444000,0.002614,0.007011,0.040594
0.446000,0.002786,0.007153,0.041136
0.448000,0.002971,0.007300,0.041668
0.450000,0.003161,0.007474,0.042186
0.452000,0.003345,0.007695,0.042687
0.456000,0.003520,0.007975,0.043169
0.458000,0.003681,0.008313,0.043632
0.460000,0.003832,0.008700,0.044074
0.460000,0.003978,0.009120,0.044498
0.462000,0.004122,0.009556,0.044905
0.464000,0.004122,0.009556,0.044905
0.466000,0.004452,0.010381,0.045697
0.470000,0.004665,0.010714,0.046110
0.470000,0.004893,0.011030,0.046529
0.472000,0.005136,0.011330,0.046953
0.474000,0.005379,0.011650,0.047378
0.476000,0.005611,0.012011,0.047799
0.478000,0.005823,0.012433,0.048212
0.482000,0.006014,0.012909,0.048616
0.484000,0.006192,0.013417,0.049011
0.484000,0.006357,0.013957,0.049400
0.486000,0.006513,0.014510,0.049782
0.488000,0.006665,0.015061,0.050158
0.490000,0.006816,0.015598,0.050530
0.494000,0.006997,0.016057,0.050936
0.494000,0.007205,0.016437,0.051375
0.496000,0.007438,0.016743,0.051848
0.498000,0.007670,0.017062,0.052337
0.500000,0.007878,0.017440,0.052836
0.502000,0.008061,0.017877,0.053344
0.506000,0.008218,0.018375,0.053859
0.506000,0.008357,0.018901,0.054380
0.508000,0.008479,0.019455,0.054908
0.510000,0.008592,0.020014,0.055443
0.512000,0.008696,0.020566,0.055985
0.514000,0.008796,0.021100,0.056533
0.518000,0.008927,0.021539,0.057142
0.518000,0.009086,0.021886,0.057811
0.520000,0.009270,0.022147,0.058538
0.522000,0.009460,0.022375,0.059311
0.524000,0.009638,0.022626,0.060117
0.528000,0.009787,0.022951,0.060946
0.528000,0.009898,0.023379,0.061783
0.530000,0.009972,0.023907,0.062629
0.532000,0.010016,0.024512,0.063483
0.534000,0.010038,0.025156,0.064349
0.536000,0.010049,0.025798,0.065230
0.540000,0.010061,0.026382,0.066128
0.542000,0.010109,0.026820,0.067113
0.542000,0.010189,0.027119,0.068184
0.544000,0.010296,0.027295,0.069337
0.546000,0.010409,0.027423,0.070555
0.548000,0.010118,0.027884,0.071662
0.552000,0.009478,0.028634,0.072670
0.552000,0.008584,0.029604,0.073583
0.554000,0.007473,0.030761,0.074417
0.556000,0.006223,0.032052,0.075180
0.558000,0.004896,0.033429,0.075877
0.562000,0.003551,0.034850,0.076516
0.564000,0.002234,0.036279,0.077101
0.566000,0.000982,0.037684,0.077635
0.566000,-0.000200,0.039074,0.078137
0.568000,-0.001292,0.040420,0.078606
0.570000,-0.002280,0.041704,0.079046
0.574000,-0.003157,0.042907,0.079459
0.576000,-0.003917,0.044013,0.079847
0.576000,-0.004560,0.045009,0.080213
0.578000,-0.005093,0.045886,0.080557
0.582000,-0.005518,0.046635,0.080882
0.584000,-0.005844,0.047252,0.081189
0.584000,-0.006081,0.047731,0.081479
0.586000,-0.006242,0.048072,0.081754
0.588000,-0.006338,0.048275,0.082015
0.592000,-0.006379,0.048342,0.082263
0.594000,-0.006767,0.048311,0.082489
0.594000,-0.007506,0.048194,0.082695
0.596000,-0.008550,0.048030,0.082886
0.598000,-0.009845,0.047823,0.083064
0.600000,-0.011284,0.047606,0.083234
0.602000,-0.012782,0.047401,0.083400
0.604000,-0.014271,0.047223,0.083566
0.606000,-0.015741,0.047103,0.083789
0.608000,-0.017179,0.047035,0.084069
0.610000,-0.018597,0.047012,0.084409
0.612000,-0.019988,0.047020,0.084807
0.614000,-0.021347,0.047047,0.085256
0.616000,-0.022700,0.047080,0.085763
0.618000,-0.024028,0.047112,0.086321
0.620000,-0.025314,0.047135,0.086922
0.624000,-0.026519,0.047148,0.087556
0.624000,-0.027615,0.047148,0.088216
0.626000,-0.028589,0.047131,0.088897
0.628000,-0.029453,0.047088,0.089598
0.630000,-0.030238,0.047003,0.090322
0.634000,-0.030984,0.046862,0.091072
0.636000,-0.031728,0.046649,0.091849
0.636000,-0.032492,0.046356,0.092651
0.638000,-0.033273,0.045978,0.093474
0.640000,-0.034042,0.045518,0.094313
0.642000,-0.034755,0.045001,0.095164
0.646000,-0.035380,0.044434,0.096023
0.648000,-0.035896,0.043821,0.096889
0.648000,-0.036315,0.043159,0.097762
0.650000,-0.036667,0.042438,0.098644
0.652000,-0.036993,0.041644,0.099535
0.654000,-0.037326,0.040767,0.100434
0.656000,-0.037682,0.039802,0.101337
0.660000,-0.038051,0.038753,0.102241
0.660000,-0.038399,0.037630,0.103140
0.662000,-0.038682,0.036447,0.104033
0.664000,-0.038862,0.035220,0.104920
0.666000,-0.038840,0.033998,0.105806
0.670000,-0.038651,0.032775,0.106693
0.670000,-0.038300,0.031549,0.107583
0.672000,-0.037888,0.030292,0.108471
0.674000,-0.037487,0.028980,0.109351
0.676000,-0.037166,0.027592,0.110214
0.680000,-0.036932,0.026128,0.111053
0.680000,-0.036743,0.024602,0.111864
0.682000,-0.036513,0.023044,0.112653
0.684000,-0.036100,0.021503,0.113434
0.686000,-0.035490,0.019991,0.114211
0.688000,-0.034667,0.018517,0.114990
0.692000,-0.033713,0.017059,0.115760
0.694000,-0.032694,0.015609,0.116514
0.694000,-0.031612,0.014168,0.117250
0.696000,-0.030510,0.012723,0.117960
0.698000,-0.029393,0.011275,0.118641
0.700000,-0.028266,0.009824,0.119290
0.704000,-0.027108,0.008380,0.119908
0.704000,-0.025893,0.006956,0.120500
0.706000,-0.024593,0.005565,0.121070
0.708000,-0.023191,0.004216,0.121624
0.712000,-0.021684,0.002914,0.122162
0.712000,-0.020092,0.001655,0.122681
0.714000,-0.018442,0.000433,0.123175
0.716000,-0.016642,-0.000709,0.123671
0.720000,-0.014718,-0.001778,0.124165
0.720000,-0.012754,-0.002799,0.124639
0.722000,-0.010747,-0.003771,0.125091
0.724000,-0.008757,-0.004714,0.125507
0.728000,-0.006795,-0.005628,0.125883
0.730000,-0.004849,-0.006503,0.126226
0.730000,-0.002916,-0.007338,0.126534
0.732000,-0.000967,-0.008118,0.126819
0.734000,0.001037,-0.008823,0.127097
0.736000,0.003094,-0.009454,0.127367
0.740000,0.005231,-0.009985,0.127651
0.740000,0.007504,-0.010390,0.127970
0.742000,0.009908,-0.010672,0.128324
0.744000,0.012376,-0.010857,0.128690
0.748000,0.014801,-0.010985,0.129036
0.750000,0.017016,-0.011119,0.129313
0.750000,0.019033,-0.011254,0.129522
0.752000,0.020858,-0.011385,0.129668
0.754000,0.022597,-0.011472,0.129787
0.758000,0.024351,-0.011476,0.129914
0.760000,0.026212,-0.011360,0.130084
0.762000,0.028202,-0.011115,0.130310
0.762000,0.030207,-0.010787,0.130546
0.764000,0.032201,-0.010384,0.130790
0.766000,0.034234,-0.009870,0.131074
0.770000,0.036258,-0.009265,0.131384
0.772000,0.038231,-0.008584,0.131706
0.774000,0.040072,-0.007864,0.132011
0.776000,0.041703,-0.007135,0.132274
0.776000,0.043124,-0.006403,0.132497
0.778000,0.044357,-0.005661,0.132689
0.782000,0.045476,-0.004885,0.132876
0.784000,0.046553,-0.004051,0.133082
0.784000,0.047645,-0.003143,0.133327
0.786000,0.048734,-0.002169,0.133603
0.788000,0.049810,-0.001139,0.133905
0.792000,0.050800,-0.000085,0.134208
0.792000,0.051807,0.001060,0.134571
0.794000,0.052824,0.002293,0.134990
0.796000,0.053835,0.003605,0.135456
0.798000,0.053835,0.003605,0.135456
0.802000,0.055928,0.007586,0.136814
0.804000,0.055928,0.007586,0.136814
0.806000,0.056132,0.008847,0.137198
0.806000,0.056199,0.010096,0.137578
0.808000,0.056132,0.011333,0.137956
0.810000,0.056027,0.012585,0.138356
0.814000,0.055934,0.013854,0.138789
0.814000,0.056119,0.015288,0.139368
0.816000,0.056563,0.016874,0.140080
0.818000,0.057185,0.018575,0.140888
0.822000,0.057712,0.020284,0.141705
0.822000,0.057771,0.021843,0.142348
0.824000,0.057398,0.023274,0.142845
0.826000,0.056573,0.024567,0.143212
0.828000,0.055620,0.025833,0.143527
0.832000,0.054514,0.028869,0.144583
0.832000,0.054514,0.028869,0.144583
0.834000,0.054401,0.030652,0.145336
0.836000,0.054483,0.032557,0.146232
0.838000,0.054754,0.034578,0.147268
0.842000,0.055641,0.038891,0.149801
0.844000,0.056202,0.041146,0.151291
0.846000,0.056750,0.043404,0.152917
0.846000,0.056750,0.043404,0.152917
0.848000,0.057242,0.045633,0.154673
0.850000,0.057650,0.047809,0.156558
0.854000,0.058169,0.051954,0.160699
0.854000,0.058169,0.051954,0.160699
0.856000,0.058239,0.053886,0.162947
0.858000,0.058135,0.055704,0.165303
0.860000,0.057857,0.057409,0.167767
0.864000,0.056810,0.060498,0.173037
0.866000,0.056150,0.061951,0.175885
0.868000,0.056150,0.061951,0.175885
0.868000,0.055379,0.063325,0.178864
0.870000,0.054472,0.064604,0.181966
0.872000,0.053432,0.065789,0.185193
0.876000,0.050888,0.067814,0.191985
0.878000,0.050888,0.067814,0.191985
0.880000,0.049397,0.068599,0.195549
0.880000,0.047952,0.068284,0.199419
0.882000,0.046538,0.066911,0.203607
0.884000,0.044837,0.065862,0.207841
0.888000,0.042883,0.065095,0.212137
0.890000,0.040733,0.064503,0.216497
0.890000,0.038550,0.063258,0.221114
0.892000,0.036363,0.061335,0.226011
0.894000,0.034168,0.058762,0.231214
0.898000,0.033720,0.056156,0.236477
0.900000,0.037489,0.051990,0.247064
0.902000,0.037489,0.051990,0.247064
0.902000,0.041341,0.050612,0.252331
0.904000,0.046039,0.049904,0.257512
0.906000,0.051413,0.049766,0.262610
0.910000,0.063125,0.051566,0.272513
0.912000,0.063125,0.051566,0.272513
0.912000,0.069370,0.053567,0.277353
0.914000,0.076367,0.056570,0.282033
0.916000,0.082995,0.059337,0.285764
0.920000,0.094602,0.065227,0.290064
0.922000,0.094602,0.065227,0.290064
0.922000,0.100537,0.069613,0.290845
0.924000,0.108418,0.075954,0.292475
0.926000,0.115385,0.084486,0.295704
0.930000,0.128178,0.102772,0.305696
0.932000,0.132187,0.108468,0.310981
0.932000,0.132187,0.108468,0.310981
0.934000,0.132966,0.109583,0.315463
0.936000,0.130753,0.106582,0.319163
0.940000,0.127653,0.100836,0.322637
0.942000,0.119421,0.084819,0.329454
0.944000,0.119421,0.084819,0.329454
0.944000,0.116073,0.078588,0.333612
0.946000,0.113240,0.073327,0.338086
0.948000,0.111047,0.068796,0.342802
0.952000,0.103922,0.059000,0.351007
0.954000,0.103922,0.059000,0.351007
0.954000,0.097785,0.052990,0.354306
0.956000,0.091612,0.046772,0.357441
0.958000,0.085522,0.040346,0.360433
0.962000,0.081290,0.034897,0.363593
0.964000,0.078864,0.030384,0.366907
0.964000,0.078704,0.027211,0.370389
0.966000,0.079829,0.024888,0.373778
0.968000,0.081435,0.023045,0.377161
0.972000,0.085114,0.020395,0.383671
0.974000,0.085114,0.020395,0.383671
0.976000,0.087023,0.019556,0.386913
0.978000,0.090999,0.019088,0.393652
0.980000,0.090999,0.019088,0.393652
0.982000,0.092906,0.019428,0.397159
0.982000,0.094732,0.020103,0.400740
0.986000,0.098070,0.022308,0.408038
0.988000,0.099303,0.023616,0.411774
0.990000,0.099303,0.023616,0.411774
0.990000,0.100001,0.024882,0.415645
0.992000,0.100858,0.026326,0.419629
0.996000,0.101960,0.027997,0.423730
0.998000,0.103312,0.029923,0.427905
0.998000,0.104877,0.032084,0.432147
1.002000,0.106621,0.034478,0.436425
1.004000,0.108494,0.037065,0.440759
1.006000,0.110474,0.039832,0.445145
1.008000,0.112528,0.042749,0.449612
1.008000,0.114636,0.045804,0.454176
1.010000,0.116781,0.048975,0.458856
1.014000,0.118955,0.052253,0.463651
1.016000,0.121152,0.055640,0.468527
1.018000,0.123364,0.059129,0.473481
1.020000,0.125586,0.062703,0.478489
1.020000,0.127812,0.066348,0.483545
1.022000,0.127812,0.066348,0.483545
1.024000,0.132251,0.073799,0.493778
1.028000,0.136640,0.081359,0.504209
1.030000,0.136640,0.081359,0.504209
1.030000,0.138809,0.085140,0.509522
1.032000,0.140961,0.088906,0.514905
1.034000,0.143097,0.092653,0.520356
1.038000,0.147347,0.100032,0.531393
1.038000,0.147347,0.100032,0.531393
1.042000,0.149473,0.103645,0.536946
1.044000,0.151604,0.107206,0.542498
1.044000,0.153744,0.110703,0.548050
1.046000,0.155900,0.114112,0.553603
1.050000,0.158074,0.117427,0.559161
1.052000,0.160259,0.120652,0.564722
1.052000,0.162458,0.123788,0.570284
1.054000,0.164670,0.126843,0.575838
1.056000,0.166899,0.129825,0.581365
1.060000,0.169146,0.132745,0.586849
1.062000,0.173725,0.138440,0.597607
1.064000,0.173725,0.138440,0.597607
1.066000,0.176194,0.141002,0.602762
1.066000,0.178800,0.143388,0.607729
1.068000,0.181262,0.146034,0.612392
1.072000,0.185703,0.152115,0.620970
1.074000,0.185703,0.152115,0.620970
1.076000,0.187700,0.155487,0.624960
1.076000,0.189586,0.158999,0.628775
1.078000,0.191379,0.162629,0.632422
1.080000,0.193111,0.166340,0.635894
1.084000,0.196507,0.173905,0.642250
1.086000,0.198225,0.177715,0.645103
1.088000,0.198225,0.177715,0.645103
1.088000,0.200013,0.181515,0.647723
1.090000,0.201884,0.185292,0.650109
1.092000,0.203851,0.189054,0.652287
1.096000,0.208095,0.196469,0.656065
1.098000,0.208095,0.196469,0.656065
1.100000,0.210389,0.200121,0.657696
1.100000,0.212834,0.203756,0.659175
1.102000,0.215427,0.207372,0.660502
1.104000,0.218198,0.211005,0.661685
1.108000,0.223873,0.218490,0.663775
1.110000,0.223873,0.218490,0.663775
1.110000,0.226293,0.222453,0.664884
1.112000,0.228424,0.226542,0.666048
1.114000,0.230299,0.230749,0.667250
1.116000,0.231961,0.235017,0.668490
1.120000,0.233461,0.239296,0.669767
1.122000,0.234850,0.243536,0.671079
1.122000,0.236184,0.247696,0.672426
1.124000,0.237538,0.251742,0.673806
1.126000,0.238947,0.255657,0.675211
1.130000,0.242137,0.263055,0.678068
1.132000,0.244002,0.266539,0.679510
1.132000,0.244002,0.266539,0.679510
1.134000,0.246114,0.269903,0.680954
1.136000,0.248492,0.273162,0.682397
1.138000,0.251133,0.276317,0.683835
1.142000,0.257219,0.282384,0.686682
1.144000,0.260669,0.285350,0.688082
1.144000,0.260669,0.285350,0.688082
1.146000,0.264390,0.288322,0.689459
1.148000,0.268358,0.291315,0.690808
1.150000,0.272575,0.294328,0.692127
1.154000,0.281637,0.300407,0.694686
1.156000,0.286463,0.303513,0.695915
1.156000,0.286463,0.303513,0.695915
1.158000,0.291464,0.306696,0.697102
1.160000,0.296594,0.309942,0.698252
1.162000,0.301849,0.313248,0.699362
1.166000,0.312751,0.320125,0.701428
1.168000,0.312751,0.320125,0.701428
1.170000,0.318339,0.323682,0.702386
1.170000,0.323995,0.327341,0.703288
1.172000,0.329730,0.331099,0.704128
1.174000,0.335534,0.334961,0.704899
1.178000,0.341358,0.338898,0.705612
1.178000,0.347220,0.342938,0.706253
1.180000,0.353117,0.347077,0.706817
1.182000,0.359005,0.351287,0.707314
1.186000,0.370734,0.359911,0.708095
1.188000,0.370734,0.359911,0.708095
1.190000,0.376570,0.364322,0.708371
1.190000,0.382436,0.368831,0.708542
1.192000,0.388328,0.373434,0.708606
1.196000,0.400044,0.382821,0.708448
1.198000,0.400044,0.382821,0.708448
1.200000,0.405854,0.387591,0.708227
1.200000,0.411672,0.392434,0.707892
1.202000,0.417512,0.397347,0.707432
1.206000,0.429115,0.407280,0.706174
1.208000,0.434847,0.412304,0.705379
1.210000,0.434847,0.412304,0.705379
1.210000,0.440503,0.417337,0.704486
1.212000,0.446132,0.422316,0.703426
1.216000,0.457387,0.432085,0.700860
1.216000,0.457387,0.432085,0.700860
1.218000,0.462951,0.436833,0.699414
1.220000,0.468509,0.441507,0.697843
1.224000,0.474059,0.446111,0.696145
1.226000,0.479632,0.450664,0.694295
1.226000,0.485251,0.455182,0.692266
1.228000,0.490910,0.459673,0.690052
1.232000,0.496743,0.464190,0.687554
1.232000,0.502649,0.468689,0.684818
1.236000,0.508624,0.473168,0.681833
1.236000,0.514631,0.477605,0.678616
1.238000,0.526792,0.486330,0.671404
1.242000,0.526792,0.486330,0.671404
1.244000,0.532846,0.490573,0.667449
1.244000,0.538874,0.494729,0.663244
1.246000,0.544863,0.498788,0.658779
1.250000,0.550811,0.502749,0.654030
1.252000,0.556713,0.506608,0.648976
1.252000,0.562559,0.510361,0.643594
1.254000,0.568346,0.513990,0.637866
1.256000,0.574040,0.517492,0.631782
1.258000,0.579617,0.520851,0.625334
1.262000,0.585048,0.524051,0.618517
1.264000,0.590303,0.527073,0.611327
1.266000,0.595353,0.529899,0.603759
1.266000,0.600178,0.532502,0.595803
1.268000,0.604741,0.534877,0.587446
1.272000,0.612968,0.538874,0.569466
1.274000,0.612968,0.538874,0.569466
1.276000,0.616567,0.540461,0.559810
1.278000,0.619965,0.541709,0.549558
1.280000,0.622888,0.542635,0.538877
1.280000,0.625288,0.543218,0.527768
1.284000,0.628296,0.543295,0.504245
1.286000,0.628832,0.542717,0.491826
1.288000,0.628832,0.542717,0.491826
1.288000,0.628678,0.541678,0.478967
1.290000,0.627798,0.540142,0.465668
1.292000,0.626155,0.538071,0.451928
1.296000,0.620468,0.532146,0.423133
1.298000,0.620468,0.532146,0.423133
1.298000,0.616510,0.528260,0.408078
1.300000,0.611807,0.523750,0.392627
1.302000,0.606128,0.518493,0.376812
1.306000,0.591683,0.505591,0.344197
1.308000,0.591683,0.505591,0.344197
1.310000,0.582857,0.497877,0.327452
1.310000,0.572926,0.489283,0.310464
1.312000,0.562023,0.479953,0.293312
1.316000,0.537229,0.459061,0.258751
1.318000,0.523057,0.447178,0.241391
1.320000,0.507619,0.434227,0.224038
1.320000,0.507619,0.434227,0.224038
1.322000,0.490910,0.420216,0.206755
1.324000,0.473233,0.405472,0.189666
1.328000,0.435106,0.373864,0.156357
1.330000,0.414758,0.357055,0.140289
1.332000,0.414758,0.357055,0.140289
1.332000,0.392964,0.338953,0.124651
1.334000,0.369784,0.319607,0.109533
1.336000,0.345895,0.299672,0.095095
1.340000,0.321391,0.279200,0.081394
1.342000,0.268982,0.235095,0.056372
1.342000,0.268982,0.235095,0.056372
1.344000,0.241061,0.211401,0.045225
1.346000,0.211844,0.186432,0.035097
1.350000,0.152685,0.135481,0.018356
1.352000,0.152685,0.135481,0.018356
1.352000,0.125605,0.111887,0.012507
1.354000,0.101150,0.090417,0.008208
1.356000,0.079041,0.070883,0.005114
1.358000,0.059036,0.053116,0.002960
1.362000,0.040987,0.037005,0.001537
1.362000,0.024808,0.022481,0.000670
1.364000,0.010263,0.009337,0.000189
1.366000,-0.002772,-0.002532,-0.000033
1.368000,-0.014505,-0.013301,-0.000106
1.372000,-0.025329,-0.023311,-0.000125
1.372000,-0.035738,-0.033008,-0.000162
1.374000,-0.046363,-0.042983,-0.000282
1.376000,-0.058033,-0.054048,-0.000544
1.378000,-0.071811,-0.067284,-0.000994
1.380000,-0.088235,-0.083317,-0.001700
1.384000,-0.126020,-0.121072,-0.003864
1.386000,-0.126020,-0.121072,-0.003864
1.388000,-0.142235,-0.137387,-0.004632
1.388000,-0.151470,-0.146228,-0.004186
1.390000,-0.157865,-0.151895,-0.002718
1.392000,-0.163591,-0.156694,-0.000549
1.396000,-0.170068,-0.162207,0.002158
1.398000,-0.178181,-0.169488,0.005376
1.400000,-0.188105,-0.178724,0.009173
1.400000,-0.197909,-0.187577,0.012551
1.402000,-0.207938,-0.196379,0.015547
1.404000,-0.218248,-0.205024,0.018188
1.408000,-0.240002,-0.221790,0.022512
1.410000,-0.240002,-0.221790,0.022512
1.412000,-0.251536,-0.229845,0.024251
1.412000,-0.260948,-0.235360,0.026498
1.414000,-0.268277,-0.238446,0.029188
1.418000,-0.273558,-0.239263,0.032239
1.420000,-0.276695,-0.237893,0.035589
1.420000,-0.277777,-0.234596,0.039124
1.422000,-0.277983,-0.230436,0.042752
1.426000,-0.275431,-0.219633,0.049888
1.428000,-0.272656,-0.213047,0.053218
1.430000,-0.272656,-0.213047,0.053218
1.430000,-0.268971,-0.205684,0.056288
1.432000,-0.264430,-0.197623,0.059045
1.434000,-0.259068,-0.189753,0.061694
1.438000,-0.246300,-0.174493,0.066525
1.440000,-0.246300,-0.174493,0.066525
1.442000,-0.239183,-0.167096,0.068667
1.442000,-0.231849,-0.159859,0.070631
1.444000,-0.224396,-0.152787,0.072406
1.448000,-0.208358,-0.138325,0.074537
1.450000,-0.208358,-0.138325,0.074537
1.452000,-0.199870,-0.130998,0.074925
1.452000,-0.191229,-0.123731,0.074922
1.454000,-0.182469,-0.116538,0.074546
1.458000,-0.173661,-0.109466,0.073834
1.460000,-0.164825,-0.102522,0.072804
1.462000,-0.155978,-0.095713,0.071474
1.462000,-0.147117,-0.089032,0.069852
1.464000,-0.138239,-0.082477,0.067944
1.466000,-0.129342,-0.076046,0.065754
1.470000,-0.111538,-0.063592,0.060573
1.472000,-0.102691,-0.057610,0.057616
1.474000,-0.102691,-0.057610,0.057616
1.476000,-0.093935,-0.051829,0.054447
1.476000,-0.085328,-0.046278,0.051099
1.478000,-0.076936,-0.040994,0.047613
1.482000,-0.061040,-0.031332,0.040390
1.484000,-0.061040,-0.031332,0.040390
1.486000,-0.053656,-0.027003,0.036741
1.488000,-0.047385,-0.023347,0.033608
1.488000,-0.042250,-0.020348,0.031065
1.490000,-0.038644,-0.018149,0.029480
1.494000,-0.037072,-0.016386,0.030504
1.496000,-0.037072,-0.016386,0.030504
1.498000,-0.039138,-0.016666,0.033460
1.500000,-0.042715,-0.017424,0.037936
1.500000,-0.047647,-0.018491,0.043941
1.502000,-0.053703,-0.019671,0.051394
1.506000,-0.068473,-0.021671,0.070376
1.506000,-0.068473,-0.021671,0.070376
1.508000,-0.076863,-0.022167,0.081736
1.512000,-0.085728,-0.022136,0.094208
1.514000,-0.104352,-0.019976,0.121996
1.516000,-0.113861,-0.017625,0.137027
1.518000,-0.113861,-0.017625,0.137027
1.520000,-0.123324,-0.014308,0.152577
1.522000,-0.131753,-0.010167,0.167216
1.522000,-0.139303,-0.005288,0.181024
1.526000,-0.152155,0.006456,0.206280
1.528000,-0.152155,0.006456,0.206280
1.530000,-0.157424,0.013222,0.217527
1.532000,-0.161942,0.020510,0.227794
1.532000,-0.165818,0.028281,0.237174
1.536000,-0.172286,0.045273,0.254073
1.538000,-0.172286,0.045273,0.254073
1.540000,-0.175237,0.054595,0.262091
1.542000,-0.178235,0.064612,0.270189
1.544000,-0.181292,0.075409,0.278395
1.544000,-0.181930,0.084879,0.282827
1.546000,-0.180612,0.092952,0.284110
1.550000,-0.177712,0.099633,0.282780
1.552000,-0.173680,0.105052,0.279500
1.554000,-0.168779,0.109315,0.274677
1.554000,-0.163429,0.112678,0.268944
1.556000,-0.157808,0.115296,0.262589
1.558000,-0.151983,0.117292,0.255899
1.562000,-0.140070,0.119757,0.241990
1.564000,-0.140070,0.119757,0.241990
