time,left_hip_yaw,left_hip_pitch,left_knee,right_hip_yaw,right_hip_pitch,right_knee
0.008000,0.068362,2.367943,0.086221,11.185812,-2.531184,-14.567066
0.010000,0.061718,2.386182,0.040415,12.407074,-2.996036,-15.756735
0.012000,0.057668,2.403353,0.001392,13.576819,-3.462469,-16.938699
0.014000,2.227013,0.574775,3.256322,14.660998,-3.914826,-18.076954
0.018000,2.072712,0.675588,2.941006,17.088370,-4.966678,-20.690796
0.020000,2.072712,0.675588,2.941006,17.088370,-4.966678,-20.690796
0.020000,2.005210,0.720415,2.804475,18.265117,-5.501825,-22.007911
0.022000,1.938343,0.764701,2.669531,19.447253,-6.053318,-23.357465
0.024000,1.904194,0.789228,2.606643,20.490986,-6.559322,-24.598951
0.026000,1.808006,0.851004,2.406178,21.832157,-7.204143,-26.152811
0.028000,1.781653,0.870122,2.361183,22.868065,-7.727941,-27.432312
0.030000,1.722983,0.909049,2.242974,24.070379,-8.334842,-28.896505
0.034000,1.624879,0.973222,2.032358,25.476157,-9.045745,-30.585000
0.034000,1.567675,1.011862,1.913974,26.712595,-9.689041,-32.126176
0.036000,1.558935,1.019383,1.908036,27.744652,-10.243604,-33.480688
0.038000,1.375777,1.117357,1.701096,27.312682,-10.365549,-33.629303
0.040000,2.333801,0.855250,3.852584,26.870059,-10.566668,-33.870017
0.042000,2.166629,0.946101,3.656805,26.081046,-10.636828,-33.769503
0.044000,2.037621,1.022784,3.532719,25.091307,-10.626397,-33.451989
0.046000,1.697487,1.276870,3.015669,25.006473,-10.577918,-33.379902
0.050000,1.354418,1.550826,2.432566,25.007255,-10.517076,-33.274427
0.050000,0.976353,1.857196,1.721783,24.981605,-10.551075,-33.299573
0.052000,0.652690,2.152008,1.108948,24.634049,-10.430338,-32.939507
0.054000,0.305995,2.457217,0.404429,24.215659,-10.383092,-32.686259
0.056000,0.050289,2.670656,-0.153626,23.392042,-10.320195,-32.294513
0.058000,-0.205694,2.891971,-0.722641,22.544238,-10.251598,-31.888172
0.062000,-0.386244,3.025005,-1.165829,21.498934,-10.229974,-31.524656
0.062000,-0.421991,3.034204,-1.304588,20.182577,-10.076856,-30.828915
0.064000,0.556155,2.332889,1.144681,19.008386,-10.026768,-30.397970
0.066000,0.603252,2.244414,1.192305,17.841375,-9.911505,-29.833492
0.068000,0.470489,2.363060,0.875128,17.640285,-9.724251,-29.463606
0.070000,0.328231,2.496450,0.524927,17.585072,-9.527492,-29.115262
0.072000,0.206763,2.606658,0.213029,17.454440,-9.329347,-28.744409
0.074000,0.083100,2.719367,-0.105068,17.336642,-9.113809,-28.354686
0.076000,0.041102,2.754824,-0.253701,16.978473,-8.889629,-27.852267
0.078000,0.011066,2.762458,-0.368266,16.583090,-8.701703,-27.432001
0.080000,-0.004581,2.754583,-0.444729,16.203319,-8.497459,-26.998800
0.082000,-0.014618,2.726341,-0.496620,15.852833,-8.314609,-26.645568
0.086000,0.047975,2.649382,-0.401007,15.466395,-8.113416,-26.188688
0.086000,0.092518,2.564821,-0.323841,15.172022,-7.951755,-25.884067
0.088000,0.174066,2.455389,-0.166585,14.867744,-7.758007,-25.502592
0.090000,1.119866,1.681621,2.171294,14.694765,-7.586994,-25.191990
0.092000,1.210926,1.575763,2.355507,14.541177,-7.402399,-24.871719
0.094000,1.079746,1.706732,2.079914,15.251156,-7.200783,-24.797711
0.096000,0.919155,1.863499,1.731149,15.970413,-6.992389,-24.710168
0.098000,0.752227,2.033500,1.362794,16.542692,-6.817835,-24.594925
0.102000,0.574938,2.194495,0.970512,16.961141,-6.668818,-24.502796
0.102000,0.396614,2.338291,0.573357,17.245872,-6.536789,-24.429174
0.104000,0.221264,2.491897,0.174879,17.475524,-6.400221,-24.301323
0.106000,0.084876,2.615396,-0.141809,17.470811,-6.281593,-24.101767
0.108000,0.005563,2.663132,-0.332432,17.202702,-6.201073,-23.907251
0.112000,-0.075915,2.701297,-0.521315,16.975165,-6.119056,-23.753876
0.112000,-0.102801,2.695269,-0.587382,16.591939,-6.049245,-23.547378
0.114000,0.370904,2.144447,0.829969,16.180999,-5.987218,-23.344836
0.116000,0.414887,2.070985,0.927041,15.731632,-5.936604,-23.146904
0.118000,0.496529,1.974635,1.103452,15.282526,-5.892294,-22.935565
0.120000,0.442924,2.000910,0.999348,15.375395,-5.835999,-22.920107
0.124000,0.377702,2.065603,0.849326,15.602797,-5.786959,-22.902549
0.124000,0.291391,2.127011,0.661283,15.838685,-5.749765,-22.940521
0.126000,0.206727,2.197535,0.468362,16.049755,-5.714845,-22.950384
0.128000,0.128361,2.259893,0.288294,16.189955,-5.688990,-22.950367
0.132000,0.092557,2.288100,0.198354,16.129006,-5.683493,-22.898289
0.132000,0.057820,2.292859,0.122326,16.049505,-5.688899,-22.889782
0.134000,0.038616,2.293707,0.077654,15.942613,-5.696042,-22.858384
0.136000,0.042701,2.282281,0.079792,15.791563,-5.704472,-22.801681
0.138000,0.042377,2.255915,0.084583,15.676134,-5.721498,-22.793228
0.140000,0.121577,1.974841,0.546078,15.520442,-5.736360,-22.742836
0.142000,0.149101,1.935209,0.607306,15.414960,-5.754621,-22.723109
0.144000,0.143530,1.933576,0.593538,15.465708,-5.785535,-22.760967
0.146000,0.123303,1.937952,0.552767,15.565325,-5.822533,-22.827233
0.148000,0.109857,1.945380,0.519744,15.641165,-5.857474,-22.871872
0.150000,0.098794,1.950621,0.491641,15.694970,-5.895243,-22.911246
0.152000,0.096995,1.955729,0.477797,15.714671,-5.928726,-22.927924
0.154000,0.090591,1.956789,0.459900,15.737821,-5.967624,-22.958083
0.156000,0.079175,1.954787,0.437100,15.771556,-6.011424,-23.000950
0.158000,0.081268,1.957101,0.431592,15.775078,-6.045399,-23.013119
0.160000,0.081268,1.957101,0.431592,15.775078,-6.045399,-23.013119
0.162000,0.084950,1.958019,0.429374,15.802566,-6.134578,-23.046270
0.164000,-0.348310,1.890300,-0.195345,15.802938,-6.162525,-23.079687
0.166000,-0.345543,1.884687,-0.192006,15.800320,-6.189637,-23.084559
0.168000,-0.341661,1.878851,-0.186363,15.798996,-6.217423,-23.089836
0.170000,-0.268909,1.812209,-0.039907,15.598827,-6.298668,-23.082981
0.172000,-0.188023,1.733320,0.134102,15.411022,-6.386885,-23.086792
0.174000,-0.090475,1.648218,0.339766,15.219180,-6.465901,-23.081553
0.176000,-0.014629,1.587592,0.498656,15.170922,-6.524876,-23.095862
0.178000,0.044333,1.545399,0.620593,15.212231,-6.571516,-23.122073
0.180000,0.090166,1.523531,0.706475,15.307348,-6.600461,-23.149997
0.182000,0.126589,1.498444,0.785059,15.418342,-6.644135,-23.184920
0.184000,0.145117,1.503135,0.812470,15.565599,-6.660788,-23.215935
0.186000,0.144377,1.512615,0.811887,15.735068,-6.687568,-23.250547
0.188000,0.136931,1.534540,0.788340,15.892992,-6.700396,-23.273134
0.190000,-0.738107,1.643667,-0.780337,16.041049,-6.705833,-23.290505
0.192000,-0.762041,1.674560,-0.837299,16.190422,-6.721849,-23.303649
0.194000,-0.622665,1.563520,-0.563287,15.776218,-6.829857,-23.238494
0.196000,-0.453526,1.427460,-0.218932,15.330563,-6.936883,-23.169563
0.198000,-0.260942,1.273885,0.179263,14.888091,-7.044270,-23.106285
0.200000,-0.075032,1.132070,0.564662,14.578656,-7.130793,-23.062927
0.202000,0.090292,1.014595,0.906249,14.429052,-7.194283,-23.043629
0.204000,0.222300,0.932099,1.176504,14.456628,-7.232708,-23.050452
0.206000,0.314893,0.888461,1.362587,14.644340,-7.249341,-23.080636
0.208000,0.340223,0.906218,1.409847,15.033314,-7.237453,-23.143125
0.210000,0.349030,0.938731,1.416620,15.427573,-7.224096,-23.199939
0.212000,0.324233,1.006765,1.342981,15.856230,-7.196485,-23.267211
0.214000,-0.944450,1.173605,-0.957730,16.267947,-7.176865,-23.307182
0.216000,-1.005558,1.265566,-1.102196,16.562429,-7.150969,-23.327771
0.218000,-0.848378,1.169345,-0.821598,16.047840,-7.273859,-23.254433
0.220000,-0.663476,1.045901,-0.472468,15.545462,-7.403327,-23.182032
0.222000,-0.439107,0.883412,-0.023592,14.958478,-7.541811,-23.083338
0.224000,-0.219226,0.734619,0.411230,14.518156,-7.648475,-23.017257
0.226000,-0.060144,0.647270,0.721360,14.448409,-7.693989,-22.999129
0.228000,0.101256,0.560865,1.034329,14.383641,-7.737102,-22.979695
0.230000,0.222341,0.514157,1.264349,14.503825,-7.746865,-22.983254
0.232000,0.277304,0.528103,1.362184,14.483749,-7.722547,-22.973153
0.234000,0.296816,0.573687,1.385762,15.226614,-7.680549,-23.055895
0.238000,0.299938,0.634570,1.368771,15.618097,-7.637873,-23.086531
0.238000,0.273570,0.718901,1.294196,15.969497,-7.586472,-23.104605
0.240000,-1.217234,0.908703,-1.414740,16.314013,-7.531087,-23.133553
0.240000,-1.217234,0.908703,-1.414740,16.314013,-7.531087,-23.133553
0.244000,-1.267354,1.024824,-1.553424,16.549533,-7.474709,-23.115065
0.246000,-1.140463,1.051765,-1.405986,16.081634,-7.545331,-22.930706
0.248000,-0.909316,0.917742,-1.000969,15.321600,-7.675935,-22.809753
0.250000,-0.656162,0.749702,-0.516055,14.642539,-7.775413,-22.645180
0.252000,-0.379053,0.566259,0.013801,13.974031,-7.871237,-22.511224
0.256000,-0.161510,0.444930,0.425215,13.744298,-7.895879,-22.438859
0.256000,0.014360,0.367074,0.752248,13.760510,-7.883173,-22.403041
0.258000,0.188719,0.292445,1.073843,13.785510,-7.865003,-22.362949
0.260000,0.320861,0.268533,1.293649,13.992309,-7.821454,-22.379821
0.262000,0.420928,0.258395,1.484430,14.269026,-7.760225,-22.350165
0.264000,-1.030609,0.378939,-1.138514,14.716276,-7.674857,-22.381459
0.266000,-1.023409,0.474242,-1.155281,15.188915,-7.581643,-22.415233
0.268000,-1.035314,0.593068,-1.222827,15.663158,-7.484852,-22.440087
0.270000,-0.825009,0.499690,-0.876640,15.220124,-7.592990,-22.364878
0.272000,-0.825009,0.499690,-0.876640,15.220124,-7.592990,-22.364878
0.274000,-0.336930,0.227856,0.001719,14.099665,-7.817023,-22.200424
0.276000,-0.096871,0.094923,0.444557,13.698950,-7.897014,-22.144048
0.280000,0.077896,0.031237,0.760308,13.701922,-7.907546,-22.141012
0.280000,0.212572,0.010306,0.995435,13.895854,-7.886410,-22.163421
0.282000,0.339612,-0.001766,1.210751,14.098075,-7.862233,-22.182019
0.284000,0.305409,-0.024098,1.291387,14.809596,-7.482254,-22.010381
0.288000,0.270834,-0.047809,1.348271,15.473866,-7.103851,-21.830782
0.290000,0.235323,-0.063859,1.385025,16.013582,-6.805638,-21.702590
0.290000,-0.015476,-0.574149,1.664825,16.500781,-6.537996,-21.582961
0.292000,-0.049826,-0.561770,1.657900,16.868799,-6.357342,-21.543253
0.296000,-0.088193,-0.576921,1.666461,17.141480,-6.315887,-21.604159
0.298000,-0.127645,-0.552426,1.638242,17.319544,-6.350980,-21.751332
0.300000,-0.177394,-0.553737,1.615383,17.501814,-6.392705,-21.876797
0.300000,-0.233882,-0.527820,1.559516,17.634441,-6.481010,-22.052402
0.302000,-0.295646,-0.494415,1.486995,17.730808,-6.595332,-22.241695
0.306000,-0.362343,-0.453861,1.398761,17.789151,-6.737137,-22.446804
0.306000,-0.424465,-0.414514,1.310513,17.780524,-6.894009,-22.637246
0.308000,-0.492214,-0.367638,1.206717,17.757169,-7.074105,-22.848915
0.310000,-0.557741,-0.320055,1.100061,17.692588,-7.267939,-23.056483
0.312000,-0.619924,-0.272734,0.992885,17.594285,-7.471514,-23.257725
0.314000,1.587041,13.383754,-24.912267,-4.339045,5.516342,2.137592
0.318000,1.431109,13.634038,-25.237475,-4.357405,5.515998,2.141918
0.318000,0.111219,13.859634,-25.348569,-4.357133,5.478685,2.069392
0.320000,-1.304488,14.073987,-25.425414,-4.342840,5.434694,1.978302
0.322000,-1.304488,14.073987,-25.425414,-4.342840,5.434694,1.978302
0.324000,-4.119778,14.353450,-25.386329,-4.256034,5.331370,1.746286
0.326000,-5.511265,14.438525,-25.309332,-4.184056,5.271257,1.605567
0.330000,-6.681805,14.456302,-25.186541,-4.086375,5.209214,1.454644
0.330000,-7.758616,14.428378,-25.035846,-3.970407,5.143261,1.291592
0.332000,-8.895155,14.379682,-24.865437,-3.841817,5.070150,1.112099
0.334000,-9.996836,14.288639,-24.677032,-3.697346,4.989170,0.917864
0.336000,-11.705670,14.058459,-24.623278,-3.486100,4.775905,0.572409
0.338000,-13.135749,13.786792,-24.505955,-3.261597,4.566840,0.225065
0.338000,-13.135749,13.786792,-24.505955,-6.722809,6.071904,5.472201
0.344000,-15.381537,13.173025,-24.092739,-6.304294,5.762791,4.886099
0.344000,-16.511490,13.517241,-24.864166,-5.747095,5.212282,3.988166
0.346000,-17.623055,13.871491,-25.636905,-5.093060,4.580648,2.905629
0.348000,-18.361821,14.264487,-26.394357,-4.363171,3.898050,1.683432
0.350000,-18.750766,14.339038,-26.594951,-3.669605,3.281300,0.509212
0.354000,-18.983777,14.199876,-26.448734,-2.995909,2.685989,-0.652086
0.356000,-19.090340,13.860710,-26.003978,-2.362427,2.128171,-1.756065
0.356000,-19.158670,13.500882,-25.537333,-1.706335,1.520782,-2.922998
0.358000,-19.119016,12.944565,-24.798419,-1.118003,0.982416,-3.966623
0.360000,-18.986489,12.206001,-23.823646,-0.621630,0.544503,-4.826909
0.362000,-18.714993,11.140171,-22.430017,-0.334650,0.365416,-5.247737
0.366000,-18.385214,9.947404,-20.905707,-1.577326,1.881783,-2.806062
0.368000,-18.001348,8.734493,-19.404231,-1.591698,2.060879,-2.591508
0.368000,-17.596836,7.481764,-17.876502,-1.718486,2.360322,-2.147522
0.370000,-17.197487,6.761048,-17.111167,-1.737009,2.498633,-1.921334
0.372000,-16.740195,6.191208,-16.573268,-1.784950,2.662164,-1.637524
0.374000,-16.256378,5.940259,-16.483907,-1.817699,2.790874,-1.391734
0.376000,-15.718703,5.709760,-16.422112,-1.879198,2.947069,-1.094612
0.380000,-15.252792,5.677074,-16.611027,-1.929998,3.069295,-0.840496
0.382000,-14.824082,5.747976,-16.924462,-1.976204,3.172127,-0.611152
0.382000,-14.355645,5.851583,-17.276973,-2.031554,3.280712,-0.369994
0.384000,-13.932647,6.037351,-17.720518,-2.079533,3.367668,-0.158981
0.386000,-13.561092,6.292364,-18.235515,-2.117096,3.430764,0.016945
0.388000,-13.344259,6.634943,-18.829830,-2.126937,3.443253,0.115802
0.390000,-13.344259,6.634943,-18.829830,-3.022936,4.287058,1.582020
0.392000,-13.105759,7.423796,-20.083922,-3.000886,4.224396,1.634972
0.394000,-13.041717,8.127984,-21.114368,-2.832775,4.011724,1.377205
0.398000,-13.069740,8.808018,-22.068697,-2.621868,3.752999,1.034705
0.400000,-13.151378,9.411008,-22.883514,-2.392170,3.479558,0.656179
0.400000,-13.234658,10.046076,-23.729702,-2.118922,3.165209,0.205565
0.402000,-13.354598,10.582677,-24.412685,-1.839483,2.849536,-0.256595
0.404000,-13.508869,10.985876,-24.891755,-1.574157,2.538676,-0.694620
0.406000,-13.695299,11.148793,-25.011261,-1.368707,2.315571,-1.026149
0.410000,-13.894596,11.190464,-24.956380,-1.206107,2.140994,-1.279551
0.410000,-14.089578,11.175677,-24.818281,-1.079609,2.018382,-1.468358
0.412000,-14.311821,11.126324,-24.640646,-0.978640,1.906520,-1.610263
0.414000,-14.519611,10.992608,-24.362879,-1.251023,2.709814,-1.034163
0.416000,-14.673596,10.828756,-24.044785,-1.249089,2.719322,-1.001945
0.418000,-14.845244,10.801664,-23.930691,-1.218446,2.673069,-1.017566
0.422000,-15.111904,10.752530,-23.746715,-1.194334,2.604353,-0.974832
0.422000,-15.111904,10.752530,-23.746715,-1.194334,2.604353,-0.974832
0.424000,-15.244172,10.730900,-23.659740,-1.207675,2.597201,-0.916407
0.426000,-15.335481,10.711065,-23.581245,-1.233022,2.600381,-0.839186
0.428000,-15.431585,10.691154,-23.503010,-1.273111,2.615081,-0.741100
0.432000,-15.512768,10.771247,-23.488674,-1.314028,2.626855,-0.644557
0.434000,-15.533378,10.707873,-23.437597,-1.355703,2.635510,-0.550363
0.434000,-15.575304,10.726301,-23.419559,-1.405253,2.649134,-0.447107
0.436000,-15.602197,10.748982,-23.412856,-1.452826,2.657264,-0.350552
0.438000,-15.621305,10.794449,-23.434721,-1.496258,2.657078,-0.265078
0.440000,-15.626675,10.852181,-23.477153,-1.039951,2.999678,-0.626089
0.442000,-15.617943,10.929028,-23.547539,-1.053606,2.965974,-0.586797
0.444000,-15.658453,10.987335,-23.587197,-1.101455,2.962410,-0.501591
0.446000,-15.700034,11.042659,-23.621947,-1.151019,2.956774,-0.418262
0.448000,-15.738922,11.116913,-23.663564,-1.211481,2.970913,-0.327003
0.450000,-15.765478,11.188416,-23.719263,-1.251169,2.947832,-0.266535
0.452000,-15.784117,11.268082,-23.787218,-1.279891,2.910565,-0.225737
0.456000,-15.800553,11.331827,-23.853914,-1.291246,2.840856,-0.209407
0.456000,-15.800307,11.425944,-23.920293,-1.308938,2.801202,-0.194010
0.458000,-15.809305,11.487107,-23.983671,-1.304778,2.712184,-0.205057
0.460000,-15.797292,11.575662,-24.037911,-1.309200,2.657326,-0.211939
0.462000,-15.787727,11.634819,-24.076030,-1.298289,2.572983,-0.238887
0.466000,-15.779566,11.642739,-24.070793,0.044176,2.618095,-1.516245
0.466000,-15.757259,11.648586,-24.040424,0.066072,2.523337,-1.550351
0.468000,-15.732427,11.652112,-24.007050,0.092465,2.422210,-1.592563
0.470000,-15.799093,11.480964,-23.723234,-0.027174,2.475467,-1.426535
0.472000,-15.866446,11.267506,-23.390147,-0.191479,2.571231,-1.200293
0.474000,-15.915032,11.085730,-23.111914,-0.371159,2.674991,-0.958659
0.476000,-15.929415,10.965109,-22.907222,-0.566462,2.802104,-0.704694
0.478000,-15.962004,10.816524,-22.711991,-0.755075,2.885481,-0.461865
0.480000,-15.950600,10.742351,-22.585277,-0.963436,3.013633,-0.202995
0.482000,-15.944004,10.702923,-22.554996,-1.125187,3.051000,-0.015087
0.486000,-15.903252,10.729422,-22.597946,-1.277022,3.088726,0.151371
0.486000,-15.824492,10.857650,-22.762022,-1.385865,3.093038,0.252589
0.488000,-15.764729,10.970214,-22.948277,-1.452273,3.015153,0.291888
0.490000,-15.682121,11.126530,-23.169366,0.588579,2.721817,-1.603777
0.492000,-15.600618,11.293541,-23.401303,0.581920,2.595492,-1.638620
0.494000,-15.517262,11.458862,-23.623283,0.601297,2.440158,-1.711833
0.496000,-15.579472,11.299825,-23.366570,0.404348,2.525998,-1.492612
0.498000,-15.634875,11.150749,-23.098133,0.157914,2.676736,-1.211610
0.500000,-15.749817,10.927210,-22.780759,-0.109821,2.805855,-0.911667
0.502000,-15.829851,10.761597,-22.526528,-0.398368,2.967560,-0.590384
0.504000,-15.851404,10.725397,-22.471978,-0.640301,3.067946,-0.339176
0.508000,-15.840403,10.759908,-22.526749,-0.850015,3.126599,-0.136998
0.510000,-15.792704,10.861290,-22.647113,-1.041798,3.181945,0.038520
0.510000,-15.778524,10.941330,-22.793541,-1.195199,3.150646,0.153764
0.512000,-15.734525,11.074239,-22.982527,-1.329716,3.116754,0.243015
0.514000,-15.686615,11.235162,-23.208592,1.211464,2.710670,-1.938830
0.516000,-15.633997,11.412072,-23.447883,1.158263,2.575072,-1.953816
0.520000,-15.742205,11.251774,-23.179110,0.855221,2.726778,-1.647675
0.520000,-15.869440,11.058371,-22.862600,0.507040,2.923678,-1.288359
0.522000,-16.011757,10.859748,-22.540379,0.118323,3.158568,-0.884503
0.524000,-16.067643,10.820193,-22.431408,-0.239830,3.368659,-0.525577
0.526000,-16.125608,10.841248,-22.487409,-0.524342,3.444015,-0.273198
0.528000,-16.117963,10.973088,-22.634495,-0.801921,3.547296,-0.031605
0.530000,-16.112787,11.139890,-22.862120,-1.021567,3.558319,0.127908
0.532000,-16.100763,11.314409,-23.100428,-1.225350,3.550292,0.263686
0.534000,-16.105752,11.505579,-23.404148,-1.370095,3.446872,0.315603
0.538000,-16.044417,11.774139,-23.720002,-1.485631,3.356360,0.338104
0.538000,-15.998681,12.015927,-24.029861,-1.551484,3.187320,0.293225
0.540000,-15.977665,12.236496,-24.356504,1.275420,2.512459,-2.067245
0.542000,-15.923372,12.468625,-24.643950,1.265495,2.246260,-2.195859
0.544000,-16.001795,12.311621,-24.275203,0.969648,2.364700,-1.956041
0.546000,-16.161991,12.019410,-23.822642,0.640712,2.484333,-1.676707
0.548000,-16.236162,11.817526,-23.422848,0.269526,2.697396,-1.337103
0.550000,-16.382583,11.551978,-23.034275,-0.099637,2.860363,-1.009397
0.552000,-16.385306,11.463156,-22.846688,-0.456105,3.051407,-0.690092
0.556000,-16.349624,11.428470,-22.858717,-1.002975,3.144898,-0.281611
0.558000,-16.349624,11.428470,-22.858717,-1.002975,3.144898,-0.281611
0.558000,-16.268356,11.485862,-22.903949,-1.278676,3.232538,-0.071286
0.560000,-16.182699,11.591526,-23.066776,-1.475563,3.191463,0.031711
0.562000,-13.643065,13.168548,-23.692749,-1.351360,3.234398,0.130244
0.564000,-11.267850,14.647605,-24.335573,-1.117066,4.725385,0.874119
0.568000,-9.341511,15.727826,-24.676174,-0.965565,4.778916,0.975386
0.568000,-7.863511,16.795607,-25.067263,-0.965565,4.778916,0.975386
0.570000,-6.559993,17.693254,-25.383178,-0.911627,4.793360,1.003439
0.572000,-5.588107,18.357707,-25.512863,-0.879704,4.806641,1.023263
0.574000,-4.878402,18.798871,-25.454390,-0.864532,4.820054,1.037187
0.578000,-4.488398,18.937779,-25.116130,-0.870736,4.836902,1.048260
0.580000,-4.271778,18.916667,-24.658040,-0.884752,4.852917,1.054768
0.580000,-4.178394,18.812105,-24.145610,-0.902908,4.866614,1.056672
0.582000,-4.201375,18.583790,-23.555769,-0.919598,4.877025,1.052965
0.584000,-4.403204,18.191278,-22.982266,-0.894376,4.809908,0.978695
0.586000,-4.448499,17.818468,-22.254283,-0.919895,4.877230,1.020025
0.590000,-4.618899,17.330663,-21.585676,-0.905246,4.868599,0.993008
0.590000,0.499371,-10.636476,8.399528,5.336048,-20.118028,-24.124788
0.592000,0.445885,-10.671005,8.411484,4.935083,-19.462287,-23.475246
0.594000,0.394330,-10.705250,8.422112,4.596168,-18.828310,-22.865017
0.598000,0.158179,-10.663754,8.142311,6.807442,-18.516964,-22.752908
0.598000,-0.043315,-10.697817,7.931846,8.975346,-18.182022,-22.575472
0.600000,-0.353525,-10.638985,7.557088,11.338637,-17.963416,-22.556742
0.604000,-0.629969,-10.673557,7.265482,12.937067,-17.570086,-22.272958
0.604000,-0.972831,-10.633929,6.868581,14.248677,-17.236184,-22.036050
0.606000,-1.456286,-10.295280,6.066793,16.220071,-17.329388,-22.281292
0.608000,-2.043458,-9.852365,5.084985,17.823434,-17.483042,-22.561018
0.610000,-2.607031,-9.454344,4.104689,18.532526,-17.435886,-22.541530
0.614000,-3.175683,-9.033037,3.071435,18.656488,-17.246673,-22.314546
0.614000,-0.230581,-9.158605,6.908830,18.303841,-16.963803,-21.939998
0.616000,-0.792147,-8.806879,5.895902,17.893446,-16.681808,-21.560412
0.620000,-1.664165,-8.251433,4.359019,18.463712,-16.485093,-21.400870
0.620000,-2.576795,-7.618241,2.651875,18.663061,-16.217878,-21.125034
0.622000,-3.602268,-6.836198,0.636944,18.783047,-15.922428,-20.812435
0.624000,-4.565963,-6.030199,-1.400597,18.203978,-15.428541,-20.204942
0.626000,-4.565963,-6.030199,-1.400597,18.203978,-15.428541,-20.204942
0.630000,-5.954943,-4.469393,-4.731259,14.311299,-14.102061,-18.353556
0.630000,-6.369850,-3.795531,-5.929610,11.712232,-13.383089,-17.298632
0.632000,-6.670292,-3.167129,-6.917666,9.124559,-12.702707,-16.291627
0.634000,-6.531111,-2.849139,-7.066200,6.086112,-12.108932,-15.337880
0.636000,-5.889135,-3.048462,-6.097018,2.788589,-11.449904,-14.217645
0.640000,-5.020369,-3.430750,-4.700666,0.086919,-11.012247,-13.423592
0.640000,-2.710927,-5.148602,-0.579656,-1.768350,-10.770977,-12.935823
0.642000,-1.622474,-5.722554,1.166611,-3.358486,-10.653176,-12.655133
0.644000,-0.528749,-6.320424,2.932581,-4.240939,-10.582230,-12.469572
0.646000,0.195768,-6.575050,3.957543,-3.436600,-10.799841,-12.799068
0.650000,0.530437,-6.477812,4.230830,-1.033462,-11.234851,-13.548990
0.650000,0.713690,-6.278385,4.259080,1.570235,-11.586639,-14.202222
0.652000,0.763251,-5.937272,3.996271,4.419745,-12.014993,-14.991852
0.654000,0.688031,-5.495377,3.516384,7.140939,-12.329654,-15.649766
0.656000,0.524041,-4.999407,2.917216,9.150856,-12.376217,-15.959453
0.658000,0.524041,-4.999407,2.917216,9.150856,-12.376217,-15.959453
0.660000,0.009759,-3.786629,1.341449,12.254138,-12.154158,-16.164500
0.662000,-0.283701,-3.139375,0.472604,13.324311,-11.860602,-16.010554
0.664000,0.244070,-3.740162,1.433025,13.479546,-11.352466,-15.533939
0.666000,0.119060,-3.358413,0.986816,13.155925,-10.693083,-14.834588
0.670000,-0.144653,-2.707102,0.194067,13.199734,-10.245419,-14.446749
0.672000,-0.334522,-2.207069,-0.416731,13.024667,-9.684960,-13.894730
0.672000,-0.555193,-1.601379,-1.130614,12.884031,-9.160588,-13.403052
0.676000,-0.555193,-1.601379,-1.130614,12.496538,-8.611764,-12.842947
0.676000,-0.733428,-0.718195,-1.945399,11.676776,-7.979583,-12.185853
0.678000,-0.715896,-0.421650,-2.090140,10.884148,-7.366201,-11.542380
0.680000,-0.661169,-0.176681,-2.141512,10.146633,-6.805348,-10.971991
0.682000,-0.489006,-0.127364,-1.891898,9.333750,-6.241476,-10.397261
0.686000,-0.265386,-0.173692,-1.502999,8.633944,-5.703892,-9.874970
0.686000,-0.023153,-0.264419,-1.059130,8.160206,-5.211447,-9.440460
0.688000,0.252054,-0.432712,-0.516399,7.713560,-4.706720,-9.004570
0.690000,0.810869,-1.442400,0.609389,7.525692,-4.248656,-8.662814
0.694000,1.001195,-1.497560,0.947249,7.839588,-3.903123,-8.521415
0.694000,1.174981,-1.474073,1.205193,8.244264,-3.598152,-8.440439
0.696000,1.267995,-1.440870,1.356808,8.918188,-3.339008,-8.457638
0.698000,1.267596,-1.174560,1.230490,9.812505,-3.180532,-8.625397
0.700000,1.219026,-0.821450,0.986716,10.696359,-3.034537,-8.813868
0.704000,1.139651,-0.345671,0.628424,11.470607,-2.909257,-9.000985
0.706000,1.056116,0.061484,0.315402,12.040550,-2.704232,-9.095993
0.706000,0.952526,0.446465,-0.011280,12.601999,-2.456351,-9.174415
0.708000,0.850475,0.891254,-0.366284,12.979433,-2.203158,-9.209505
0.710000,0.783593,1.239261,-0.602813,13.027689,-1.902118,-9.155709
0.712000,0.742740,1.517295,-0.754904,12.923290,-1.577075,-9.062771
0.716000,0.542119,1.903086,-1.492856,12.747650,-1.247339,-8.962073
0.718000,0.547433,2.078451,-1.511953,12.549481,-0.925087,-8.873280
0.718000,0.562791,2.220286,-1.495199,12.354578,-0.604030,-8.795923
0.720000,0.644211,2.167863,-1.268736,11.916805,-0.293003,-8.697794
0.722000,0.747545,2.042254,-0.971562,11.520321,-0.002930,-8.636001
0.724000,0.861508,1.972214,-0.708404,11.326060,0.186952,-8.666673
0.728000,0.969044,1.723762,-0.338695,11.132581,0.431987,-8.743962
0.730000,1.067169,1.679181,-0.124379,11.244614,0.534014,-8.921263
0.730000,1.144098,1.507786,0.143318,11.365656,0.679061,-9.168870
0.732000,1.219470,1.507248,0.292700,11.651144,0.705899,-9.458801
0.734000,1.248686,1.475198,0.403594,12.036492,0.744349,-9.874848
0.736000,1.253917,1.601229,0.384603,12.542371,0.700503,-10.337079
0.740000,1.238186,1.789773,0.301415,13.059855,0.623980,-10.835882
0.740000,0.745315,3.445893,-1.597357,13.530669,0.543082,-11.332325
0.742000,0.705495,3.743073,-1.759148,14.004377,0.442306,-11.855827
0.744000,0.657987,4.056854,-1.937834,14.406843,0.347532,-12.361589
0.746000,0.733168,3.869773,-1.670929,14.018957,0.463088,-12.501596
0.748000,0.840371,3.545997,-1.291508,13.553544,0.609448,-12.595835
0.750000,0.840371,3.545997,-1.291508,13.553544,0.609448,-12.595835
0.752000,1.078832,2.802681,-0.481902,12.991792,0.767670,-12.994785
0.754000,1.196716,2.431064,-0.095974,12.896959,0.774455,-13.303235
0.756000,1.275592,2.237222,0.129832,13.168683,0.637786,-13.816412
0.760000,1.327464,2.153045,0.255956,13.600118,0.422913,-14.435417
0.760000,1.356427,2.154442,0.305002,14.095781,0.164991,-15.105641
0.762000,1.373177,2.194581,0.317055,14.597196,-0.119305,-15.806461
0.764000,0.668212,4.886376,-2.295466,14.597196,-0.119305,-15.806461
0.766000,0.648716,5.233845,-2.428921,15.525389,-0.693899,-17.163215
0.768000,0.769952,4.754870,-1.995162,15.103783,-0.672285,-17.342223
0.770000,0.914572,4.166499,-1.487588,14.700736,-0.657226,-17.535398
0.772000,1.066009,3.555951,-0.975952,14.397766,-0.641102,-17.719504
0.776000,1.206511,3.013691,-0.528530,14.329576,-0.721606,-18.041867
0.778000,1.362600,2.487636,-0.085550,14.400357,-0.853401,-18.363474
0.778000,1.449230,2.122900,0.186683,14.649879,-1.107509,-18.994279
0.780000,1.547317,1.787282,0.448634,14.988774,-1.399523,-19.600814
0.784000,1.616330,1.588840,0.604016,15.476527,-1.776228,-20.319103
0.784000,1.661460,1.500577,0.675263,16.038116,-2.213741,-21.103080
0.786000,1.680115,1.530865,0.659251,16.655782,-2.703792,-21.942071
0.788000,1.675303,1.659646,0.572423,17.276528,-3.220644,-22.797296
0.790000,0.822995,5.468994,-2.473841,17.796944,-3.694941,-23.564214
0.792000,0.784531,5.729703,-2.622921,18.224334,-4.134257,-24.259750
0.796000,0.884221,5.178342,-2.226070,17.633833,-4.039387,-24.161114
0.796000,1.016884,4.462601,-1.726495,16.974506,-3.866840,-23.954520
0.798000,1.174589,3.633338,-1.161694,16.330118,-3.684923,-23.739097
0.802000,1.338032,2.819817,-0.619177,15.891950,-3.586677,-23.647594
0.802000,1.470995,2.246092,-0.243567,15.940205,-3.747021,-23.921492
0.804000,1.641668,1.531932,0.227058,15.886941,-3.836619,-24.049151
0.806000,1.717625,1.224677,0.398201,16.288247,-4.226005,-24.673403
0.810000,1.786768,1.035720,0.505553,16.835930,-4.714119,-25.377640
0.812000,1.834019,0.944482,0.548375,17.393398,-5.238901,-26.108984
0.812000,1.866642,0.912982,0.552024,17.949176,-5.793126,-26.863918
0.814000,0.994066,4.898417,-2.255991,17.949176,-5.793126,-26.863918
0.816000,0.969412,4.509592,-1.999967,14.431732,-4.718933,-24.919103
0.818000,0.924973,4.413862,-1.940291,12.106721,-4.541351,-24.230365
0.820000,0.854171,4.414434,-1.949085,9.880888,-4.340325,-23.537248
0.824000,0.824815,4.342001,-1.902031,7.860459,-4.250645,-22.971839
0.824000,0.802794,4.299950,-1.872893,6.094727,-4.325398,-22.628131
0.826000,0.780497,4.277449,-1.855236,4.407690,-4.498970,-22.412128
0.828000,0.765662,4.278919,-1.851583,2.969738,-4.813549,-22.389669
0.830000,0.767169,4.298199,-1.858325,1.938175,-5.195468,-22.494155
0.834000,0.777859,4.325922,-1.869949,1.158655,-5.581267,-22.635806
0.836000,0.795824,4.359411,-1.884857,0.595604,-5.954280,-22.790559
0.836000,0.815863,4.398909,-1.903207,0.160534,-6.340617,-22.979907
0.838000,0.841945,4.441920,-1.923537,-0.081053,-6.705744,-23.167691
0.840000,1.198308,3.909198,-1.686348,-0.148149,-7.043978,-23.344919
0.842000,1.235283,3.953254,-1.707584,-0.036214,-7.309450,-23.457807
0.846000,1.271890,4.004324,-1.733027,0.196098,-7.597834,-23.614217
0.846000,1.309541,4.055444,-1.758600,0.536293,-7.849221,-23.743125
0.848000,1.348779,4.109390,-1.785987,1.001450,-8.097312,-23.882127
0.850000,1.388507,4.162157,-1.812843,1.561164,-8.302775,-23.983923
0.852000,1.428076,4.213431,-1.839010,2.202385,-8.464914,-24.046806
0.856000,1.464096,4.258800,-1.861870,2.848889,-8.544314,-24.021364
0.856000,1.498286,4.302007,-1.883673,3.536768,-8.577935,-23.952276
0.858000,1.533864,4.346448,-1.906476,4.329247,-8.596932,-23.877337
0.860000,1.533864,4.346448,-1.906476,4.329247,-8.596932,-23.877337
0.862000,1.593564,4.426065,-1.947338,5.917865,-8.495076,-23.589778
0.864000,1.954586,3.818856,-1.683697,5.917865,-8.495076,-23.589778
0.866000,2.001751,3.896096,-1.726143,7.510027,-8.252531,-23.165950
0.868000,2.019257,3.939599,-1.750890,8.314815,-8.153223,-22.990627
0.870000,2.028184,3.980616,-1.774495,9.018404,-8.020721,-22.783245
0.872000,2.023406,4.031391,-1.794391,9.698688,-7.853009,-22.553668
0.874000,2.043844,4.061113,-1.821806,10.495756,-7.701725,-22.322931
0.878000,2.024382,4.117147,-1.845598,11.030564,-7.490668,-22.046156
0.878000,2.036677,4.132458,-1.864666,11.672154,-7.288579,-21.768432
0.880000,2.031752,4.166068,-1.885180,12.251818,-7.059011,-21.469198
0.882000,2.024081,4.198057,-1.904901,12.794189,-6.816928,-21.159192
0.884000,2.012538,4.228244,-1.923674,13.276110,-6.564480,-20.838809
0.886000,1.997561,4.256663,-1.941510,13.698120,-6.302737,-20.509425
0.890000,1.978729,4.283453,-1.958555,14.051059,-6.034319,-20.172690
0.890000,2.401388,3.514617,-1.647224,14.207181,-5.775070,-19.844218
0.892000,2.401703,3.488404,-1.641840,14.506669,-5.498355,-19.505141
0.894000,2.349137,3.571291,-1.686539,14.593192,-5.234361,-19.172829
0.896000,2.317217,3.602560,-1.708098,14.683071,-5.050362,-18.940767
0.898000,2.282356,3.632689,-1.728998,14.700735,-4.890097,-18.742608
0.900000,2.271760,3.598007,-1.717613,14.733628,-4.731784,-18.550892
0.902000,2.236549,3.622219,-1.734479,14.673122,-4.581500,-18.364397
0.904000,2.201633,3.644510,-1.750012,14.579839,-4.440455,-18.190546
0.906000,2.167086,3.666344,-1.765118,14.458741,-4.323807,-18.050068
0.908000,2.167086,3.666344,-1.765118,14.458741,-4.323807,-18.050068
0.910000,2.133663,3.686754,-1.779153,14.317512,-4.219274,-17.926580
0.910000,2.091867,3.658692,-1.770907,13.997235,-4.038042,-17.709330
0.914000,2.568465,2.347947,-1.066245,13.198964,-3.893776,-17.443048
0.916000,2.562602,2.338114,-1.051461,13.108796,-3.850302,-17.424403
0.918000,2.554701,2.352791,-1.054319,13.055421,-3.960895,-17.595321
0.920000,2.554701,2.352791,-1.054319,13.055421,-3.960895,-17.595321
0.922000,2.533792,2.401550,-1.076199,12.858748,-4.235883,-17.980034
0.924000,2.519747,2.431447,-1.092269,12.704131,-4.390323,-18.181259
0.926000,2.519747,2.431447,-1.092269,12.704131,-4.390323,-18.181259
0.928000,2.486061,2.498182,-1.131194,12.291259,-4.739938,-18.615744
0.930000,2.470962,2.531746,-1.151593,12.084265,-4.908554,-18.812166
0.932000,2.454962,2.566105,-1.172927,11.852806,-5.089624,-19.019346
0.934000,2.441801,2.599410,-1.193867,11.648334,-5.260902,-19.208218
0.936000,2.431688,2.631363,-1.214140,11.477678,-5.419966,-19.377049
0.940000,2.416629,2.696792,-1.245808,11.359667,-5.537270,-19.539040
0.942000,2.788854,2.306212,-1.103804,11.166859,-5.731164,-19.693617
0.942000,2.782061,2.336451,-1.123268,11.007423,-5.893912,-19.854935
0.944000,2.776464,2.365362,-1.141862,10.854820,-6.054038,-20.008409
0.946000,2.776464,2.365362,-1.141862,10.854820,-6.054038,-20.008409
0.948000,2.768548,2.392266,-1.170038,10.472458,-6.470986,-20.356424
0.950000,2.759975,2.449998,-1.195937,10.364173,-6.606806,-20.521129
0.952000,2.754606,2.503216,-1.218448,10.297583,-6.715522,-20.655624
0.954000,2.758476,2.497118,-1.225331,10.138087,-6.926279,-20.787110
0.956000,2.758748,2.519061,-1.238740,10.031938,-7.087874,-20.917250
0.958000,2.760030,2.539389,-1.250910,9.935425,-7.243862,-21.036836
0.960000,2.760030,2.539389,-1.250910,9.784406,-7.504676,-21.265003
0.962000,2.766153,2.574809,-1.271224,9.793653,-7.523670,-21.232271
0.964000,3.031173,2.781457,-1.367180,9.764178,-7.630700,-21.287187
0.966000,3.036870,2.795360,-1.374151,9.740850,-7.738650,-21.340624
0.968000,3.040209,2.805347,-1.378388,9.693235,-7.807145,-21.346127
0.970000,3.043959,2.814846,-1.382094,9.649985,-7.874627,-21.348145
0.970000,3.043959,2.814846,-1.382094,9.649985,-7.874627,-21.348145
0.974000,3.053093,2.830132,-1.386476,9.591802,-7.967885,-21.301095
0.976000,3.059025,2.837219,-1.387992,9.579904,-8.012115,-21.268429
0.978000,3.053929,2.887061,-1.405760,9.615939,-7.994995,-21.222323
0.980000,3.071767,2.849736,-1.389418,9.579919,-8.077451,-21.176265
0.982000,3.064705,2.901264,-1.408284,9.629039,-8.025477,-21.093791
0.984000,3.084208,2.858742,-1.387979,9.605681,-8.084002,-21.023393
0.988000,3.090056,2.862368,-1.386498,9.624652,-8.068049,-20.927967
0.988000,3.079940,2.918676,-1.408580,9.684238,-7.984735,-20.811745
0.990000,3.407085,3.089322,-1.483990,9.679578,-8.007373,-20.708112
0.992000,3.412218,3.093072,-1.482037,9.711335,-7.965393,-20.585655
0.994000,3.417035,3.096631,-1.479841,9.740868,-7.915857,-20.454864
0.996000,3.417765,3.097819,-1.476139,9.734149,-7.829733,-20.285519
1.000000,3.398288,3.163461,-1.504499,9.756833,-7.685194,-20.096703
1.000000,3.419528,3.100768,-1.468839,9.718182,-7.636779,-19.922341
1.002000,3.398288,3.171350,-1.500805,9.737431,-7.481930,-19.722860
1.004000,3.420891,3.105275,-1.462318,9.698049,-7.422427,-19.541671
1.008000,3.420772,3.108353,-1.459580,9.688832,-7.307025,-19.350746
1.010000,3.396330,3.185764,-1.496606,9.710875,-7.137288,-19.146470
1.010000,3.419995,3.115957,-1.454949,9.674994,-7.061786,-18.960924
1.012000,3.419404,3.120262,-1.452873,9.666948,-6.932135,-18.760546
1.014000,3.742835,3.373740,-1.564511,9.658894,-6.801862,-18.566318
1.018000,3.713924,3.459990,-1.607359,9.677953,-6.618060,-18.355402
1.018000,3.734818,3.384455,-1.561317,9.599240,-6.506325,-18.144180
1.020000,3.729168,3.388937,-1.559098,9.544633,-6.337360,-17.907975
1.022000,3.723417,3.393714,-1.556997,9.482808,-6.163614,-17.667509
1.024000,3.689241,3.484939,-1.603915,9.467686,-5.943202,-17.423081
1.026000,3.712785,3.408852,-1.556612,9.384394,-5.847379,-17.236401
1.028000,3.712785,3.408852,-1.556612,9.384394,-5.847379,-17.236401
1.030000,3.673800,3.512664,-1.606721,9.331154,-5.476127,-16.788682
1.032000,3.668325,3.522346,-1.607827,9.286438,-5.310597,-16.571736
1.034000,3.662549,3.532567,-1.609230,9.245083,-5.144594,-16.360857
1.036000,3.656667,3.542604,-1.610403,9.199453,-4.970636,-16.140094
1.038000,3.679986,3.466856,-1.562581,9.111347,-4.863663,-15.961402
1.040000,4.012931,3.755060,-1.689538,9.072109,-4.692284,-15.752915
1.042000,4.005642,3.767251,-1.691607,9.028535,-4.512532,-15.533454
1.044000,3.998176,3.780254,-1.694201,8.992008,-4.331976,-15.315942
1.048000,3.986841,3.790790,-1.695244,8.918914,-4.119294,-15.061472
1.048000,3.975354,3.801912,-1.696631,8.845699,-3.901967,-14.803425
1.050000,3.963626,3.813529,-1.698296,8.771834,-3.679049,-14.540517
1.052000,3.842255,3.774819,-1.658241,5.805120,-3.288755,-13.833271
1.056000,3.735362,3.742899,-1.623518,3.007663,-2.930651,-13.192355
1.056000,3.643595,3.719876,-1.595883,0.469384,-2.605300,-12.639372
1.058000,3.562285,3.700591,-1.571271,-1.935256,-2.286672,-12.117269
1.060000,3.492855,3.687562,-1.551711,-4.122450,-1.982852,-11.650798
1.062000,3.492855,3.687562,-1.551711,-4.122450,-1.982852,-11.650798
1.064000,3.749789,4.002203,-1.705924,-7.487481,-1.173723,-10.730394
1.066000,3.715893,3.899983,-1.619256,-9.579598,-1.108728,-10.483798
1.068000,3.686812,3.661003,-1.386647,-10.772634,-0.524195,-9.934129
1.070000,3.674532,3.554913,-1.286584,-12.627098,-0.464188,-9.731217
1.072000,3.660501,3.568147,-1.281117,-13.813918,-0.206523,-9.478421
1.074000,3.644894,3.590251,-1.285514,-14.876357,0.076510,-9.214858
1.076000,3.625978,3.712993,-1.371244,-15.286311,0.699452,-8.742298
1.078000,3.610441,3.645453,-1.308550,-16.784941,0.734658,-8.609087
1.080000,3.596430,3.770874,-1.398370,-16.959359,1.403488,-8.110543
1.082000,3.579163,3.711868,-1.344066,-18.323171,1.458736,-7.969042
1.084000,3.563172,3.746946,-1.364843,-18.955347,1.871516,-7.597115
1.086000,3.547930,3.781929,-1.385560,-19.506889,2.312962,-7.199184
1.088000,3.530786,3.815937,-1.406671,-19.931897,2.819361,-6.737454
1.092000,3.810327,4.107595,-1.544071,-20.282249,3.341751,-6.250914
1.092000,3.792154,4.145880,-1.568392,-20.482662,3.904842,-5.730745
1.094000,3.770611,4.180701,-1.590994,-20.561190,4.569244,-5.102022
1.096000,3.744776,4.212493,-1.612467,-20.489337,5.340359,-4.361327
1.100000,3.716311,4.243231,-1.634005,-20.241329,6.208556,-3.518103
1.100000,3.697575,4.335925,-1.698364,-19.020059,7.627653,-2.210374
1.102000,3.663261,4.360064,-1.715781,-18.304822,8.757130,-1.086359
1.104000,3.628704,4.385780,-1.734662,-17.393683,9.947631,0.122461
1.106000,3.592478,4.414813,-1.755772,-16.380058,11.152164,1.376594
1.108000,3.541032,4.415989,-1.770286,-15.661687,11.687411,2.025531
1.110000,3.517178,4.484715,-1.825582,-13.916347,12.294422,2.750295
1.114000,3.503526,4.570933,-1.894061,-11.963004,12.411483,3.081780
1.116000,3.786339,4.241789,-1.787236,-9.944272,12.045078,3.059444
1.116000,3.787993,4.294969,-1.787105,-9.654786,12.397824,3.943872
1.118000,3.759666,4.346178,-1.813427,-9.951103,12.338905,4.480825
1.120000,3.690678,4.410762,-1.878473,-10.986223,11.792541,4.621497
1.124000,3.739929,4.500423,-1.913724,-7.619317,11.502940,4.821880
1.124000,3.718718,4.655701,-2.067084,-6.033736,9.333354,3.498510
1.128000,3.685859,4.706279,-2.088357,-7.054973,8.496090,3.569225
1.128000,3.646560,4.742365,-2.103371,-7.540359,8.085999,4.043123
1.130000,3.609628,4.782470,-2.122558,-7.692725,7.800940,4.641361
1.132000,3.612586,4.876716,-2.196055,-5.386939,6.607562,4.406497
1.134000,3.622074,4.976879,-2.274903,-3.113573,4.817045,3.706411
1.136000,3.634374,5.078785,-2.354815,-0.968772,2.472014,2.580394
1.138000,3.635836,5.166502,-2.424429,0.773223,-0.206570,1.236664
1.142000,5.269028,2.637504,-1.316775,-0.288191,-1.465664,1.187996
1.144000,5.240663,2.633513,-1.307089,-0.269774,-2.007173,1.818440
1.144000,5.161539,2.142037,-0.853242,-0.129853,-2.283438,2.686360
1.148000,5.213390,2.140835,-0.780777,2.587412,-2.695902,3.413040
1.148000,5.198610,2.223662,-0.842906,4.171926,-4.064159,3.388427
1.150000,5.116574,2.404652,-1.061382,4.711430,-6.433830,2.591474
1.152000,5.073671,2.501357,-1.155713,5.788491,-8.131764,2.337344
1.156000,5.011810,2.573879,-1.241268,6.477611,-9.483598,2.398146
1.156000,4.937338,2.638298,-1.329288,6.926438,-10.657210,2.616443
1.160000,4.857420,2.706350,-1.426871,7.252060,-11.841821,2.820804
1.160000,4.767499,2.768013,-1.527100,7.404218,-12.871079,3.152733
1.162000,4.681491,2.506116,-1.299092,6.107449,-13.846463,3.002663
1.166000,7.549135,-0.781789,0.321672,5.062696,-14.245846,3.226194
1.166000,7.586840,-0.604019,0.164452,5.169351,-14.580322,3.398460
1.168000,7.659995,-0.479993,0.119664,6.370646,-14.149105,4.059708
1.170000,7.644644,-0.258120,-0.112367,6.581186,-14.205805,4.297486
1.172000,7.563781,-0.188775,-0.201011,6.764190,-14.037157,4.671500
1.176000,7.442418,-0.069584,-0.412004,5.959475,-14.200991,4.759882
1.176000,7.347533,-0.068823,-0.427714,5.951934,-13.816176,5.182012
1.178000,7.272811,-0.129496,-0.301885,6.913255,-13.015724,5.842810
1.180000,7.145649,-0.116966,-0.396137,6.312982,-12.937072,5.937125
1.182000,7.042733,-0.155087,-0.353924,6.545327,-12.531812,6.183014
1.184000,6.934249,-0.201455,-0.298739,6.905439,-12.107521,6.384706
1.188000,6.828826,-0.326264,-0.080348,8.226134,-11.416615,6.686009
1.190000,6.705516,-0.332873,-0.130014,8.049229,-11.315569,6.552246
1.190000,8.126852,-0.326063,-0.061328,8.833610,-10.885337,6.586823
1.192000,7.987880,-0.380251,0.021294,9.673334,-10.397470,6.627804
1.194000,7.835973,-0.450958,0.121045,10.657220,-9.851515,6.671409
1.196000,7.793763,-0.116319,-0.234755,11.839391,-9.405001,6.576812
1.200000,7.600103,-0.097641,-0.263249,12.545909,-8.701871,6.639539
1.200000,7.396923,-0.075851,-0.296419,13.275416,-7.981050,6.645944
1.202000,7.175460,-0.125639,-0.252265,13.704945,-7.136511,6.688752
1.204000,6.896436,-0.245822,-0.149983,14.634032,-6.273223,6.875007
1.208000,6.587865,0.025393,-0.460358,14.691711,-5.060123,6.180599
1.208000,6.587865,0.025393,-0.460358,14.691711,-5.060123,6.180599
1.210000,6.587865,0.025393,-0.460358,14.691711,-5.060123,6.180599
1.212000,6.092206,-0.115503,-0.343598,14.213712,-3.281396,5.751693
1.214000,6.746354,0.505735,-0.549085,14.083277,-2.239795,5.595380
1.218000,6.482803,0.360810,-0.394436,14.050719,-1.111106,5.460066
1.218000,6.228676,0.205862,-0.211288,14.135961,-0.610745,4.748349
1.220000,6.114584,0.551480,-0.635052,14.630209,-0.721938,3.429076
1.224000,5.970272,0.893156,-1.089798,14.619653,-1.201682,1.738011
1.224000,5.697843,0.792600,-1.034191,13.242498,-0.715440,0.871377
1.226000,5.431432,0.671829,-0.941471,12.063088,-0.098989,0.081603
1.230000,5.239496,0.310150,-0.467740,13.673510,0.438145,-0.973923
1.230000,4.917892,0.151790,-0.381594,9.559704,1.196670,-1.457985
1.232000,4.773123,-0.223252,0.163807,11.213419,1.792136,-2.486842
1.234000,5.228598,0.317188,-0.260013,10.023849,-0.299211,-5.863180
1.236000,5.680298,0.683560,-0.446136,12.821998,-2.363062,-9.396527
1.238000,6.049898,0.977577,-0.613945,16.230980,-3.867748,-12.363243
1.240000,7.843997,0.686119,-0.550612,19.815535,-4.567706,-14.485744
1.242000,8.089872,0.872521,-0.671947,22.846572,-3.450430,-14.848215
1.244000,8.089872,0.872521,-0.671947,22.846572,-3.450430,-14.848215
1.246000,8.449212,1.061340,-0.686079,31.327166,-1.490308,-15.448807
1.248000,8.537384,1.246299,-1.097249,32.805512,-0.257351,-15.432045
1.250000,8.627161,1.336239,-1.253929,35.056307,1.345835,-14.755665
1.252000,8.706039,1.423757,-1.421155,36.968830,2.934448,-13.918318
1.256000,8.781396,1.513025,-1.588544,38.196122,4.501024,-12.928559
1.256000,8.714011,0.956604,-0.857550,35.549894,6.837513,-10.944120
1.258000,8.841244,1.069075,-0.983955,35.988680,8.143907,-9.946966
1.260000,8.783238,0.494747,-0.160274,32.764295,10.273554,-7.944736
1.262000,8.944766,0.638415,-0.289131,33.265235,11.123435,-7.242055
1.264000,9.274641,1.201042,-0.454338,36.408615,11.825779,-6.223442
1.266000,9.413078,1.356710,-0.648299,36.628048,12.453601,-5.621788
1.268000,9.547291,1.510748,-0.855400,36.565329,13.085195,-4.963820
1.270000,9.682061,1.664118,-1.069656,35.934665,13.799388,-4.174608
1.272000,9.621686,1.375802,-0.760846,29.350770,15.148905,-3.018952
1.274000,9.584967,1.027162,-0.188208,26.142517,16.351582,-1.634720
1.276000,9.570928,0.618261,0.592633,27.350250,17.374793,-0.139031
1.278000,9.792273,0.817871,0.423283,27.988229,17.246384,-0.176378
1.280000,9.957266,1.016904,0.144953,23.902503,17.146996,-0.399003
1.282000,10.159250,1.209351,-0.069698,23.989005,17.031350,-0.358074
1.286000,10.502891,1.326825,-0.100411,27.816025,17.160476,0.303367
1.286000,10.502891,1.326825,-0.100411,27.816025,17.160476,0.303367
1.288000,10.474513,1.217922,0.079138,21.626910,17.185001,0.388648
1.290000,11.191515,1.596009,0.204700,25.653640,17.516314,1.028304
1.292000,11.217302,1.430673,0.530176,24.417810,17.668787,1.371884
1.294000,11.217302,1.430673,0.530176,24.417810,17.668787,1.371884
1.296000,11.156550,1.130058,1.188232,16.731297,17.380852,1.463421
1.298000,11.361247,1.044645,1.383166,22.749840,17.350049,1.591000
1.300000,11.506298,1.270729,1.241533,16.949985,16.397716,0.892800
1.302000,11.672599,1.312995,1.256440,17.823207,15.722202,0.421243
1.304000,11.834045,1.346482,1.282355,18.094314,15.191843,0.114702
1.306000,12.030261,1.400237,1.254431,19.204462,14.481164,-0.377416
1.308000,12.238831,1.451265,1.213436,20.378407,13.819393,-0.807440
1.310000,12.466121,1.505967,1.155551,21.658726,13.141476,-1.238008
1.312000,12.703432,1.550403,1.097430,22.956666,12.513350,-1.597621
1.314000,13.451215,2.059600,0.918337,24.121349,12.002631,-1.812384
1.316000,13.700917,2.079916,0.875997,25.369640,11.466378,-2.026192
1.318000,13.933923,2.051970,0.879008,26.504816,11.054970,-2.086796
1.320000,14.176996,2.007794,0.896084,27.607133,10.672708,-2.090557
1.322000,14.387147,1.874844,0.981907,30.260416,10.510687,-1.841463
1.324000,14.683397,1.827394,0.999002,30.645692,10.094525,-1.729748
1.324000,14.683397,1.827394,0.999002,30.645692,10.094525,-1.729748
1.328000,16.061500,1.800766,0.721109,40.409086,9.900980,-1.283512
1.330000,15.739485,1.655964,1.055463,31.837209,8.863624,-1.406864
1.332000,16.171880,1.587719,1.063097,32.686403,8.411922,-1.360492
1.334000,16.541991,1.427091,1.174533,32.621473,8.256780,-1.010218
1.336000,17.060840,1.324385,1.192133,33.854111,7.854517,-0.924350
1.340000,18.329350,1.121870,1.175142,36.932550,7.254548,-0.467307
1.340000,18.762105,1.763195,0.976321,37.053298,6.967357,-0.826757
1.344000,19.500351,1.652696,0.956308,38.883216,6.535799,-0.749563
1.344000,20.301451,1.510118,0.953126,40.670847,6.185198,-0.571710
1.346000,21.189411,1.325464,0.963193,42.764981,5.843000,-0.360629
1.348000,22.179438,1.113243,0.981685,44.936611,5.523751,-0.091670
1.350000,23.272418,0.863584,1.019519,47.000452,5.271495,0.284595
1.352000,24.486232,0.519138,1.096945,51.947530,5.070097,0.816673
1.354000,25.894904,0.231801,1.139802,52.952148,4.945909,1.483561
1.356000,27.482148,-0.090677,1.196943,53.943487,4.830698,2.180777
1.358000,29.306336,-0.438255,1.254637,55.347342,4.644384,2.830336
1.360000,31.409088,-0.810146,1.311824,57.219172,4.358662,3.413061
1.362000,33.814164,-1.206264,1.374293,59.461875,3.997303,3.962982
1.364000,36.844708,-0.699569,1.071026,60.000000,3.567380,4.497180
1.366000,39.918928,-1.143181,1.155617,60.000000,3.129206,5.089041
1.368000,48.054900,-1.491287,0.855175,60.000000,2.424544,4.646642
1.370000,52.383591,-2.010833,1.032937,60.000000,1.720926,5.134915
1.372000,57.211891,-2.537293,1.236328,60.000000,0.878566,5.601052
1.374000,60.000000,-3.097909,1.487803,60.000000,-0.082260,6.082206
1.376000,60.000000,-3.896444,2.046970,60.000000,-1.193456,7.561417
1.378000,60.000000,-4.504987,2.332738,60.000000,-2.776162,7.947730
1.380000,60.000000,-4.811276,2.498650,60.000000,-3.933813,8.703195
1.382000,60.000000,-4.965378,2.614607,60.000000,-5.355066,9.351268
1.384000,60.000000,-4.367244,2.408092,60.000000,-7.546613,8.720710
1.386000,60.000000,-4.736748,2.635416,60.000000,-9.039352,10.375520
1.388000,60.000000,-3.300211,2.075925,60.000000,-11.898499,9.739595
1.390000,60.000000,-2.892702,1.867747,60.000000,-13.901074,11.114269
1.392000,60.000000,-1.975087,1.437724,60.000000,-16.806827,11.375053
1.394000,60.000000,0.741046,0.125661,60.000000,-21.234755,10.383639
1.396000,60.000000,0.350926,0.170232,60.000000,-24.885635,10.607131
1.400000,60.000000,6.285407,-3.356599,60.000000,-33.191971,9.684395
1.402000,60.000000,6.285407,-3.356599,60.000000,-33.191971,9.684395
1.402000,60.000000,6.314143,-3.697040,60.000000,-36.588900,9.727617
1.404000,60.000000,7.978194,-5.116483,60.000000,-42.144357,8.255724
1.406000,60.000000,13.330244,-8.994605,60.000000,-47.852318,6.592182
1.408000,60.000000,13.541004,-9.705808,60.000000,-50.679026,6.075163
1.410000,60.000000,19.321426,-13.735628,60.000000,-54.029400,5.325804
1.412000,60.000000,25.031472,-17.801058,60.000000,-57.577684,4.470655
1.414000,60.000000,30.739122,-21.963361,60.000000,-60.000000,3.428911
1.418000,60.000000,36.268275,-26.038628,60.000000,-60.000000,0.037538
1.418000,60.000000,41.376657,-29.921542,60.000000,-60.000000,-4.129356
1.420000,60.000000,47.188656,-34.181614,60.000000,-60.000000,-4.569230
1.422000,60.000000,53.234943,-38.573494,60.000000,-60.000000,-5.237386
1.424000,60.000000,59.511334,-43.081070,60.000000,-60.000000,-6.221904
1.426000,60.000000,60.000000,-47.203836,60.000000,-60.000000,-12.181492
1.428000,60.000000,60.000000,-51.762397,60.000000,-60.000000,-12.930043
1.430000,60.000000,60.000000,-60.000000,60.000000,-60.000000,-11.819041
1.432000,60.000000,60.000000,-60.000000,60.000000,-60.000000,-15.439590
1.436000,60.000000,60.000000,-60.000000,60.000000,-60.000000,-15.281436
1.436000,60.000000,60.000000,-60.000000,60.000000,-60.000000,-25.577976
1.438000,60.000000,60.000000,-60.000000,60.000000,-60.000000,-32.901435
1.440000,60.000000,60.000000,-60.000000,60.000000,-60.000000,-40.525607
1.442000,60.000000,60.000000,-60.000000,60.000000,-60.000000,-52.859049
1.444000,60.000000,60.000000,-60.000000,60.000000,-60.000000,-53.215033
1.446000,60.000000,60.000000,-60.000000,60.000000,-60.000000,-60.000000
1.448000,60.000000,60.000000,-60.000000,60.000000,-60.000000,-60.000000
1.450000,59.256275,60.000000,-60.000000,60.000000,-60.000000,-60.000000
1.454000,51.780771,60.000000,-60.000000,60.000000,-60.000000,-60.000000
1.454000,40.647797,60.000000,-60.000000,60.000000,-60.000000,-60.000000
1.456000,28.283875,60.000000,-60.000000,60.000000,-60.000000,-60.000000
1.458000,28.283875,60.000000,-60.000000,60.000000,-60.000000,-60.000000
1.460000,15.402536,60.000000,-60.000000,60.000000,-60.000000,-60.000000
1.462000,9.962099,60.000000,-50.818349,60.000000,-60.000000,-60.000000
1.464000,11.553545,60.000000,-39.928527,60.000000,-60.000000,-60.000000
1.468000,7.764225,44.744470,-28.666434,60.000000,-60.000000,-60.000000
1.468000,5.601458,20.727795,-14.927513,60.000000,-60.000000,-60.000000
1.470000,4.065771,-9.259186,1.600069,60.000000,-60.000000,-60.000000
1.472000,2.653398,-48.475448,22.472750,60.000000,-60.000000,-60.000000
1.474000,2.653398,-48.475448,22.472750,60.000000,-60.000000,-60.000000
1.476000,-1.214684,-60.000000,48.783139,-46.276932,-60.000000,-60.000000
1.478000,-3.162596,-60.000000,46.120520,-60.000000,-60.000000,-60.000000
1.480000,-5.111265,-60.000000,49.026690,-60.000000,-60.000000,-22.538164
1.484000,-6.062306,-60.000000,40.608221,-60.000000,-60.000000,1.310676
1.484000,-5.746886,-58.390418,29.059401,-60.000000,-60.000000,15.899539
1.486000,-4.514647,-34.595280,16.932189,-60.000000,-60.000000,20.365641
1.488000,-3.782209,-21.605131,10.245621,-60.000000,-60.000000,28.413401
1.490000,4.266394,-27.790883,14.751097,-60.000000,-60.000000,28.413401
1.492000,4.531356,-18.627031,10.883859,-60.000000,-60.000000,40.936903
1.494000,5.002456,-13.199461,8.412598,-60.000000,-60.000000,42.627982
1.496000,5.923721,-6.642838,5.253784,-60.000000,-60.000000,41.523571
1.498000,6.193355,-5.242345,4.841600,-60.000000,-60.000000,42.287672
1.502000,7.018682,-2.051025,3.374099,-60.000000,-60.000000,40.480156
1.502000,7.967617,0.424033,2.209218,-60.000000,-60.000000,37.822729
1.504000,9.124985,2.612135,1.122137,-60.000000,-60.000000,33.702588
1.506000,11.073145,6.431759,-0.849129,-60.000000,-60.000000,26.274449
1.508000,13.137228,9.598320,-2.499076,-60.000000,-60.000000,14.390427
1.512000,14.267836,8.582984,-2.110630,-60.000000,-60.000000,3.571828
1.512000,15.665812,7.293316,-1.689292,-60.000000,-60.000000,-6.723704
1.514000,15.052670,15.962761,-5.991606,-60.000000,-60.000000,-19.382079
1.516000,17.441819,16.118774,-6.449423,-60.000000,-60.000000,-32.124187
1.518000,19.929155,15.849193,-6.726524,-60.000000,-60.000000,-43.829073
1.522000,22.089511,13.628675,-6.108005,-60.000000,-60.000000,-53.225684
1.522000,24.299649,10.784145,-5.236722,-60.000000,-60.000000,-60.000000
1.524000,26.608941,7.594066,-4.223669,-60.000000,-60.000000,-60.000000
1.526000,28.960362,4.273442,-3.143765,-60.000000,-60.000000,-60.000000
1.528000,29.829295,0.957259,-2.002414,-60.000000,-60.000000,-60.000000
1.532000,33.667118,-1.397321,-1.374605,-60.000000,-60.000000,-60.000000
1.532000,38.632721,3.356434,-4.492388,-60.000000,-60.000000,-60.000000
1.534000,43.507637,7.687705,-7.414909,-60.000000,-60.000000,-60.000000
1.536000,48.115866,11.415406,-10.041106,-60.000000,-60.000000,-60.000000
1.540000,51.344125,13.924459,-11.999341,-60.000000,-60.000000,-60.000000
1.540000,53.882227,19.941932,-15.287850,-60.000000,-60.000000,-60.000000
1.542000,57.030943,21.785500,-16.882975,-60.000000,-60.000000,-60.000000
1.544000,59.926093,23.258891,-18.277701,-60.000000,-60.000000,-60.000000
1.546000,60.000000,24.518250,-19.550964,-60.000000,-60.000000,-60.000000
1.548000,60.000000,25.628418,-20.727284,-60.000000,-60.000000,-60.000000
1.550000,60.000000,26.684309,-21.852810,-60.000000,-60.000000,-60.000000
1.552000,60.000000,27.714947,-22.933030,-60.000000,-60.000000,-60.000000
1.556000,60.000000,28.764340,-23.983229,-60.000000,-60.000000,-60.000000
1.556000,60.000000,29.855265,-24.928858,-60.000000,-60.000000,-60.000000
1.558000,60.000000,31.278280,-25.996311,-60.000000,-60.000000,-60.000000
1.560000,60.000000,32.987129,-27.166057,-60.000000,-60.000000,-60.000000
1.562000,60.000000,32.987129,-27.166057,-60.000000,-60.000000,-60.000000
1.564000,60.000000,39.184264,-30.639750,-60.000000,-60.000000,-60.000000
1.566000,60.000000,41.730498,-32.119424,-60.000000,-60.000000,-60.000000
1.568000,60.000000,44.577368,-33.713504,-60.000000,-60.000000,-60.000000
1.572000,60.000000,47.652285,-35.380367,-60.000000,-60.000000,-60.000000
1.572000,60.000000,51.028526,-37.171899,-60.000000,-60.000000,-60.000000
1.572000,60.000000,51.028526,-37.171899,-60.000000,-60.000000,-60.000000
1.574000,60.000000,54.899747,-38.852153,-60.000000,-60.000000,-60.000000
1.578000,60.000000,60.000000,-43.328021,-60.000000,-60.000000,-60.000000
1.580000,60.000000,60.000000,-45.576657,-60.000000,-60.000000,-60.000000
1.582000,60.000000,60.000000,-47.927462,-60.000000,-60.000000,-60.000000
1.584000,59.247171,60.000000,-50.306436,-60.000000,-60.000000,-60.000000
1.588000,56.788084,60.000000,-52.729220,-60.000000,-60.000000,-60.000000
1.588000,54.149160,60.000000,-55.152499,-60.000000,-60.000000,-60.000000
1.590000,49.305660,60.000000,-59.796081,-60.000000,-60.000000,-60.000000
1.592000,46.273932,60.000000,-60.000000,-60.000000,-60.000000,-60.000000
1.594000,43.217335,60.000000,-60.000000,-47.444467,-60.000000,-60.000000
1.596000,40.098956,60.000000,-60.000000,-31.259109,-60.000000,-60.000000
1.600000,36.976645,60.000000,-60.000000,-14.533706,-60.000000,-60.000000
1.600000,33.876351,60.000000,-60.000000,2.445502,-60.000000,-60.000000
1.602000,30.402348,60.000000,-60.000000,18.640199,-60.000000,-60.000000
1.604000,27.015955,60.000000,-60.000000,34.281606,-60.000000,-60.000000
1.604000,27.015955,60.000000,-60.000000,34.281606,-60.000000,-60.000000
1.606000,19.119964,60.000000,-60.000000,57.748823,-60.000000,-60.000000
1.610000,16.840107,60.000000,-60.000000,60.000000,-60.000000,-60.000000
1.614000,13.379026,60.000000,-60.000000,60.000000,-60.000000,-60.000000
1.616000,9.371076,60.000000,-60.000000,60.000000,-60.000000,-60.000000
1.616000,5.938597,60.000000,-60.000000,60.000000,-60.000000,-60.000000
1.618000,2.487618,60.000000,-60.000000,60.000000,-60.000000,-60.000000
1.620000,-0.957550,60.000000,-60.000000,60.000000,-60.000000,-60.000000
1.622000,-4.419701,60.000000,-60.000000,60.000000,-60.000000,-60.000000
1.624000,-7.888663,60.000000,-60.000000,60.000000,-60.000000,-60.000000
1.626000,-11.377571,60.000000,-60.000000,60.000000,-60.000000,-60.000000
1.628000,-14.824274,60.000000,-60.000000,60.000000,-60.000000,-60.000000
1.630000,-16.160540,60.000000,-60.000000,60.000000,-60.000000,-60.000000
1.632000,-21.613908,60.000000,-60.000000,60.000000,-60.000000,-60.000000
1.634000,-24.882839,60.000000,-60.000000,60.000000,-60.000000,-60.000000
1.638000,-25.419138,60.000000,-60.000000,60.000000,-60.000000,-60.000000
